,단어명,사설 빈도수
0,김정은,114
1,사람,81
2,트럼프,68
3,경제,67
4,국민,59
5,문화,57
6,중국,55
7,북한,52
8,정책,51
9,정상회담,51
10,자연,49
11,워싱턴,48
12,지문,46
13,전문,46
14,동서남북,46
15,비핵화,45
16,아트,45
17,무비,45
18,사물,45
19,김대식,45
20,남북,45
21,미국,43
22,식이,42
23,이야기,42
24,일자리,38
25,회담,37
26,원전,37
27,북핵,37
28,시로,36
29,나라,36
30,하나,35
31,논설,34
32,실의,34
33,김명환,34
34,세금,34
35,수첩,34
36,조선일보,33
37,마당,33
38,사회,33
39,세계,33
40,폐기,33
41,수사,33
42,최저임금,33
43,시대,32
44,제재,32
45,이한상,31
46,발굴,31
47,장관,30
48,드루,30
49,정권,29
50,대북,29
51,선의,29
52,노조,28
53,차이나,27
54,대한민국,27
55,대화,27
56,문제,27
57,강인,27
58,한반도,26
59,선언,25
60,선거,25
61,교육,25
62,전쟁,24
63,위기,24
64,경찰,24
65,고용,24
66,외교,24
67,규제,24
68,협상,24
69,양해,23
70,말글,23
71,탐험,23
72,소득,23
73,성장,23
74,평화,23
75,조각,23
76,환경,23
77,자유,23
78,개혁,23
79,평창,23
80,김대중,22
81,적폐,22
82,상목,22
83,스시,22
84,국가,22
85,강천석,21
86,유광,21
87,세상,21
88,서진영,21
89,명심보감,21
90,양상훈,21
91,산책,21
92,권력,21
93,훈련,21
94,이제,20
95,평양,19
96,조사,19
97,대법원,19
98,대한,19
99,역사,19
100,일본,19
101,압박,18
102,다른,18
103,보수,18
104,대책,18
105,미군,18
106,전문가,18
107,사업,17
108,주도,17
109,지금,17
110,공개,17
111,동맹,17
112,시장,17
113,박정훈,16
114,최악,16
115,검찰,16
116,코리아,16
117,가짜,16
118,방송,16
119,먼저,16
120,생각,16
121,시진핑,16
122,국방,16
123,댓글,16
124,사랑,15
125,안보,15
126,단체,15
127,혁신,15
128,합의,15
129,인권,15
130,시위,15
131,윤평중,15
132,문재인,15
133,인간,15
134,판사,15
135,한삼,15
136,걱정,15
137,대신,15
138,천안함,15
139,올림픽,15
140,특사,15
141,특검,15
142,교육감,15
143,가지,14
144,거부,14
145,김창균,14
146,김정운,14
147,청산,14
148,국민연금,14
149,태양광,14
150,터치,14
151,실패,14
152,최고,14
153,누가,14
154,투자,14
155,인상,14
156,교육부,14
157,침묵,14
158,계속,14
159,개헌,14
160,사용,14
161,결정,14
162,어디,14
163,김철중,13
164,행복,13
165,우려,13
166,포기,13
167,편지,13
168,여당,13
169,과거,13
170,특별,13
171,중단,13
172,전략,13
173,군사,13
174,진짜,13
175,논란,13
176,언론,13
177,사고,13
178,이름,13
179,주의,13
180,참사,13
181,노인,13
182,무역,13
183,통계,13
184,평창올림픽,13
185,미투,13
186,준비,12
187,인사,12
188,학교,12
189,철수,12
190,금지,12
191,정말,12
192,재판,12
193,거리,12
194,완화,12
195,거래,12
196,공무원,12
197,안전,12
198,김영철,12
199,위협,12
200,삼성,12
201,여론,12
202,운동,12
203,약속,12
204,폭탄,12
205,민노총,11
206,회의,11
207,반도체,11
208,병역,11
209,국회,11
210,위원장,11
211,언제,11
212,정상,11
213,산업,11
214,은행,11
215,유럽,11
216,류근일,11
217,영화,11
218,비리,11
219,게임,11
220,전기,11
221,도시,11
222,사건,11
223,리더십,11
224,카드,11
225,예술,11
226,철도,11
227,가장,11
228,이상,11
229,폼페이,11
230,출신,11
231,집값,11
232,싱가포르,11
233,위해,11
234,아파트,11
235,이용,11
236,바람,10
237,대기업,10
238,김광일,10
239,때문,10
240,시간,10
241,예산,10
242,취업,10
243,비판,10
244,이후,10
245,대학,10
246,기술,10
247,단속,10
248,폭력,10
249,혁명,10
250,자기,10
251,가을,10
252,비결,10
253,세기,10
254,종전,10
255,미세,10
256,현장,10
257,검토,10
258,불법,10
259,논의,10
260,주택,10
261,폐지,10
262,시설,10
263,대응,10
264,마음,10
265,조작,10
266,전교조,10
267,공약,10
268,효과,10
269,화폐,10
270,거짓말,10
271,교과서,10
272,민주주의,9
273,지원,9
274,세대,9
275,비밀,9
276,추락,9
277,통상,9
278,경쟁,9
279,소동,9
280,종교,9
281,하늘,9
282,아이,9
283,좌파,9
284,청년,9
285,대변인,9
286,수출,9
287,촛불,9
288,운전,9
289,경고,9
290,우파,9
291,관계,9
292,지역,9
293,관리,9
294,모든,9
295,과학,9
296,공기업,9
297,사실,9
298,제대로,9
299,모두,9
300,산업혁명,9
301,기적,9
302,하라,9
303,확대,9
304,원칙,9
305,개발,9
306,먼지,9
307,인생,9
308,현실,9
309,조치,9
310,다음,9
311,정신,9
312,야당,9
313,수도,9
314,여성,9
315,언급,9
316,학생,9
317,나무,9
318,정치인,9
319,식당,9
320,석탄,9
321,폐쇄,9
322,음악,9
323,선수,9
324,지방선거,9
325,정끝별,9
326,유치원,8
327,향연,8
328,미사일,8
329,건물,8
330,무엇,8
331,박물관,8
332,포퓰리즘,8
333,사태,8
334,택시,8
335,피해,8
336,금융,8
337,일기,8
338,주년,8
339,선물,8
340,이철민,8
341,관심,8
342,보복,8
343,조건,8
344,발표,8
345,바다,8
346,카페,8
347,비준,8
348,부터,8
349,공사,8
350,수준,8
351,위험,8
352,요청,8
353,월급,8
354,외면,8
355,서울시,8
356,무슨,8
357,방치,8
358,백제,8
359,테크,8
360,계리,8
361,방북,8
362,신고,8
363,죽음,8
364,얼굴,8
365,공격,8
366,판문점,8
367,자리,8
368,제도,8
369,체제,8
370,시한,8
371,이산가족,8
372,백악관,8
373,해외,8
374,예방,8
375,폭염,8
376,해결,8
377,민주당,8
378,가상,8
379,인도,8
380,의혹,8
381,원자력,8
382,문건,8
383,월드컵,8
384,평화협정,8
385,지시,8
386,보고,8
387,블랙리스트,8
388,신라,8
389,아침,8
390,김기식,8
391,개헌안,8
392,현송월,8
393,생로병사,7
394,실장,7
395,태극기,7
396,선택,7
397,인문,7
398,계기,7
399,건설,7
400,상황,7
401,진실,7
402,협력,7
403,세월호,7
404,국정,7
405,음주,7
406,고위,7
407,정보,7
408,핵심,7
409,여행,7
410,사이언스,7
411,채용,7
412,영어,7
413,통일부,7
414,운명,7
415,도박,7
416,포장,7
417,인공,7
418,기회,7
419,청소년,7
420,가면,7
421,기관,7
422,프랑스,7
423,대선,7
424,병법,7
425,중동,7
426,얼마나,7
427,가족,7
428,동의,7
429,정의,7
430,트렌드,7
431,반대,7
432,대강,7
433,차이,7
434,핵실험,7
435,우린,7
436,할머니,7
437,문학,7
438,외국인,7
439,사퇴,7
440,아래,7
441,지방,7
442,국군,7
443,도전,7
444,업체,7
445,호황,7
446,한미,7
447,풍경,7
448,기무사,7
449,바로,7
450,집권,7
451,교체,7
452,취소,7
453,여름,7
454,장사,7
455,환상,7
456,확인,7
457,국정원,7
458,지지,7
459,이벤트,7
460,의사,7
461,부실,7
462,난민,7
463,까닭,7
464,공장,7
465,기간,7
466,참여,7
467,대비,7
468,공짜,7
469,금감원,7
470,등장,7
471,경호,7
472,도심,6
473,압수,6
474,싸움,6
475,사과,6
476,서민,6
477,목소리,6
478,공연,6
479,퇴짜,6
480,서비스,6
481,공화국,6
482,갈등,6
483,입장,6
484,반드시,6
485,냉면,6
486,아무,6
487,통일,6
488,경영,6
489,끼리,6
490,논쟁,6
491,붕괴,6
492,희망,6
493,작전,6
494,처벌,6
495,입시,6
496,도입,6
497,잔치,6
498,김경준,6
499,탐구,6
500,자동차,6
501,반복,6
502,지능,6
503,공공기관,6
504,고령,6
505,대처,6
506,대상,6
507,겨울,6
508,김윤덕,6
509,줌마,6
510,사법부,6
511,고양이,6
512,주장,6
513,간다,6
514,주민,6
515,통해,6
516,진보,6
517,취급,6
518,개방,6
519,박수,6
520,바보,6
521,국제,6
522,추석,6
523,주목,6
524,생활,6
525,인식,6
526,인기,6
527,도로,6
528,버스,6
529,병력,6
530,포스코,6
531,쓰레기,6
532,탈출,6
533,요구,6
534,처음,6
535,시민,6
536,품격,6
537,글로벌,6
538,방식,6
539,집단,6
540,앞서,6
541,지지율,6
542,눈물,6
543,사상,6
544,담배,6
545,뭔가,6
546,필요,6
547,소통,6
548,김경수,6
549,탈북자,6
550,안희정,6
551,열병,6
552,공동,6
553,방문,6
554,독일,6
555,코드,6
556,대사,6
557,개입,6
558,남자,6
559,공세,6
560,차량,6
561,제왕,6
562,개정,6
563,보호,6
564,보험,6
565,실리콘밸리,6
566,폭행,6
567,총리,6
568,친구,6
569,로봇,6
570,탈북,6
571,오디오,6
572,김여정,6
573,정현,6
574,의지,5
575,도덕,5
576,홍보,5
577,화해,5
578,복지,5
579,실험,5
580,공정,5
581,영호,5
582,여기,5
583,연금,5
584,다리,5
585,관광,5
586,무기,5
587,연기,5
588,세력,5
589,사이,5
590,이익,5
591,당신,5
592,발견,5
593,목구멍,5
594,퍼시픽,5
595,프리즘,5
596,나선,5
597,군대,5
598,얘기,5
599,연설,5
600,진찰,5
601,방어,5
602,허물,5
603,탄생,5
604,줄줄이,5
605,신화,5
606,명문,5
607,교황,5
608,황제,5
609,축복,5
610,이전,5
611,확산,5
612,축제,5
613,로고,5
614,소리,5
615,강조,5
616,중국인,5
617,세습,5
618,냄새,5
619,보이,5
620,임명,5
621,유현준,5
622,환자,5
623,파괴,5
624,고민,5
625,보도,5
626,공작,5
627,본질,5
628,담당,5
629,김성윤,5
630,박정희,5
631,권리,5
632,장기,5
633,모델,5
634,천일야화,5
635,경계,5
636,노벨상,5
637,민주,5
638,번지,5
639,조인원,5
640,몰카,5
641,차례,5
642,재앙,5
643,소상,5
644,공인,5
645,규모,5
646,우리말,5
647,포커스,5
648,연합,5
649,영국,5
650,강행,5
651,감옥,5
652,마크,5
653,박아,5
654,플라스틱,5
655,목숨,5
656,김헌,5
657,기준,5
658,노동,5
659,부부,5
660,로남불,5
661,청구,5
662,산다,5
663,절대,5
664,윤대현,5
665,조선,5
666,결혼,5
667,한현우,5
668,컬처,5
669,치매,5
670,초상화,5
671,대륙,5
672,기록,5
673,아버지,5
674,업자,5
675,책임,5
676,관료,5
677,상징,5
678,기대,5
679,성과,5
680,결과,5
681,왜곡,5
682,의무,5
683,아들,5
684,호소,5
685,리더,5
686,고집,5
687,상봉,5
688,가치,5
689,거꾸로,5
690,배려,5
691,순간,5
692,용기,5
693,열차,5
694,긍정,5
695,국회의원,5
696,대가,5
697,행사,5
698,휴가,5
699,사장,5
700,박근혜,5
701,축소,5
702,낙하산,5
703,왕자,5
704,여자,5
705,교장,5
706,역대,5
707,서로,5
708,방법,5
709,인재,5
710,공원,5
711,남편,5
712,집중,5
713,흡연,5
714,서도,5
715,패싱,5
716,대열,5
717,주한,5
718,대법관,5
719,공항,5
720,활용,5
721,구조조정,5
722,매력,5
723,부활,5
724,담판,5
725,호텔,5
726,부처,5
727,스님,5
728,수당,5
729,외교부,5
730,자전거,5
731,사드,5
732,징역,5
733,충격,5
734,새해,5
735,무능,4
736,유튜브,4
737,공간,4
738,방해,4
739,불통,4
740,주말,4
741,김태훈,4
742,판결,4
743,해고,4
744,비난,4
745,그냥,4
746,시절,4
747,구속,4
748,임종석,4
749,햇볕,4
750,무덤,4
751,로마,4
752,제한,4
753,직전,4
754,유엔,4
755,공부,4
756,독재,4
757,새만금,4
758,이방,4
759,설마,4
760,의료,4
761,전방,4
762,주력,4
763,부대,4
764,스웨덴,4
765,과속,4
766,민족,4
767,의미,4
768,상치,4
769,제일,4
770,최효찬,4
771,가의,4
772,단지,4
773,위장전입,4
774,흐름,4
775,일방,4
776,요금,4
777,부족,4
778,감당,4
779,안내,4
780,직원,4
781,알바,4
782,설명,4
783,정규직,4
784,실무,4
785,잘못,4
786,여권,4
787,유혹,4
788,간부,4
789,적자,4
790,과정,4
791,주기,4
792,속도,4
793,과대,4
794,매일,4
795,최유식,4
796,소년,4
797,전화,4
798,배제,4
799,총장,4
800,대형,4
801,적극,4
802,검사,4
803,생산,4
804,투쟁,4
805,악화,4
806,위반,4
807,실종,4
808,사법,4
809,해제,4
810,절반,4
811,국내,4
812,마을,4
813,절차,4
814,전달,4
815,고령자,4
816,시험,4
817,그때,4
818,스마트폰,4
819,괴담,4
820,시도,4
821,교훈,4
822,시민단체,4
823,박해,4
824,혼자,4
825,출산,4
826,혜택,4
827,유지,4
828,수색,4
829,비자,4
830,압수수색,4
831,배출,4
832,아메리카,4
833,동아시아,4
834,침대,4
835,불황,4
836,충성,4
837,비행기,4
838,되풀이,4
839,위험천만,4
840,선전,4
841,장하,4
842,화가,4
843,보유,4
844,부자,4
845,테러,4
846,외국,4
847,깜깜,4
848,보상,4
849,교육청,4
850,협박,4
851,발상,4
852,어른,4
853,경력,4
854,예상,4
855,거절,4
856,김동연,4
857,임기,4
858,중간,4
859,열풍,4
860,베트남,4
861,범죄,4
862,감소,4
863,민간,4
864,특권,4
865,간판,4
866,입맛,4
867,숫자,4
868,통계청장,4
869,남정욱,4
870,협치,4
871,훈장,4
872,공론,4
873,커피,4
874,우물,4
875,전자,4
876,주인,4
877,한전,4
878,신문,4
879,화재,4
880,지층,4
881,중심,4
882,부동산,4
883,유해,4
884,가정,4
885,예멘,4
886,점검,4
887,위선,4
888,생존,4
889,보물,4
890,재벌,4
891,감축,4
892,백지,4
893,노회찬,4
894,반성,4
895,모제,4
896,전해,4
897,벌써,4
898,해석,4
899,단축,4
900,통화,4
901,낙마,4
902,근로,4
903,시스템,4
904,혼란,4
905,사기,4
906,지하철,4
907,일화,4
908,근로시간,4
909,고용부,4
910,거품,4
911,재고,4
912,질책,4
913,주인공,4
914,무분별,4
915,노래,4
916,의식,4
917,가나,4
918,단기간,4
919,환경부,4
920,엄벌,4
921,여론조사,4
922,증거,4
923,군산,4
924,어머니,4
925,역설,4
926,종업원,4
927,처리,4
928,음식,4
929,네이버,4
930,충돌,4
931,일제,4
932,젊은이,4
933,디지털,4
934,대로,4
935,전국,4
936,기억,4
937,악몽,4
938,비극,4
939,피해자,4
940,시인,4
941,빅터,4
942,초등,4
943,미세먼지,4
944,분산,4
945,만들기,4
946,분노,4
947,부통령,4
948,성공,4
949,한겨울,4
950,모자라,3
951,부정,3
952,의심,3
953,강제,3
954,모금,3
955,기지,3
956,점령,3
957,경제부총리,3
958,해이,3
959,홀로,3
960,이란,3
961,부작용,3
962,시행,3
963,응원,3
964,경기,3
965,관람,3
966,역주행,3
967,현금,3
968,스타,3
969,휴대폰,3
970,찬양,3
971,노동계,3
972,파업,3
973,국익,3
974,과장,3
975,무죄,3
976,센터,3
977,기피,3
978,약화,3
979,결단,3
980,허위,3
981,복지부,3
982,반발,3
983,한번,3
984,카풀,3
985,공유,3
986,사회주의,3
987,제발,3
988,찬성,3
989,날개,3
990,막말,3
991,도서관,3
992,교사,3
993,배치,3
994,중소기업,3
995,분열,3
996,노동당,3
997,창업,3
998,나이,3
999,폭우,3
1000,농성,3
1001,스포츠,3
1002,유발,3
1003,자제,3
1004,부회장,3
1005,공포,3
1006,운동권,3
1007,기반,3
1008,연봉,3
1009,양심,3
1010,농단,3
1011,침체,3
1012,법관,3
1013,인정,3
1014,경질,3
1015,제조업,3
1016,봉쇄,3
1017,폐해,3
1018,반란,3
1019,총수,3
1020,계산,3
1021,거짓,3
1022,통신,3
1023,직업,3
1024,한강,3
1025,구조,3
1026,대하,3
1027,시급,3
1028,기도,3
1029,내용,3
1030,무조건,3
1031,그늘,3
1032,인척,3
1033,난장판,3
1034,남녀,3
1035,찾기,3
1036,유행,3
1037,전선,3
1038,재난,3
1039,추억,3
1040,정당,3
1041,꼰대,3
1042,전체,3
1043,급식,3
1044,공조,3
1045,탈북민,3
1046,교통,3
1047,접촉,3
1048,스타일,3
1049,기원,3
1050,취임,3
1051,수학,3
1052,선생님,3
1053,눈치,3
1054,유감,3
1055,악용,3
1056,취재,3
1057,덕분,3
1058,실업률,3
1059,예고,3
1060,이해찬,3
1061,관함,3
1062,이미지,3
1063,살기,3
1064,개선,3
1065,불편,3
1066,핵보유국,3
1067,사찰,3
1068,핵탄두,3
1069,운전면허,3
1070,고기,3
1071,외국어,3
1072,남용,3
1073,셀카,3
1074,주문,3
1075,위원,3
1076,지도,3
1077,실질,3
1078,면죄부,3
1079,증가,3
1080,신호,3
1081,진리,3
1082,변신,3
1083,차라리,3
1084,스스로,3
1085,부총리,3
1086,대폭,3
1087,고수,3
1088,요원,3
1089,해도,3
1090,기사,3
1091,런던,3
1092,억지,3
1093,전직,3
1094,근본,3
1095,카메라,3
1096,무장,3
1097,고교,3
1098,교재,3
1099,국산,3
1100,로켓,3
1101,상처,3
1102,차기,3
1103,수석,3
1104,자랑,3
1105,김민철,3
1106,해양,3
1107,공직자,3
1108,안시성,3
1109,생명,3
1110,로또,3
1111,확보,3
1112,비타민,3
1113,사령관,3
1114,제동,3
1115,기념,3
1116,뉴욕,3
1117,강남,3
1118,즉각,3
1119,진심,3
1120,남쪽,3
1121,다큐,3
1122,리스트,3
1123,불가능,3
1124,수퍼,3
1125,도구,3
1126,과일,3
1127,수용,3
1128,마주,3
1129,창작,3
1130,봉인,3
1131,리스크,3
1132,자화상,3
1133,독립,3
1134,한국어,3
1135,무시,3
1136,행태,3
1137,원인,3
1138,충전,3
1139,여야,3
1140,언어,3
1141,노무현,3
1142,감사,3
1143,자격,3
1144,광풍,3
1145,자서전,3
1146,편의,3
1147,독도,3
1148,뇌물,3
1149,발급,3
1150,투기,3
1151,더니,3
1152,과학자,3
1153,해명,3
1154,국회의장,3
1155,제안,3
1156,호랑이,3
1157,에코,3
1158,전망,3
1159,유족,3
1160,활성화,3
1161,사이버,3
1162,인프라,3
1163,완전,3
1164,충고,3
1165,전원,3
1166,개인,3
1167,기후변화,3
1168,명예,3
1169,계획,3
1170,매케인,3
1171,첨단,3
1172,주의자,3
1173,의자,3
1174,하나로,3
1175,제기,3
1176,이스라엘,3
1177,광화문,3
1178,전환,3
1179,기조,3
1180,실수,3
1181,모임,3
1182,자영,3
1183,지도자,3
1184,무산,3
1185,교수,3
1186,법외,3
1187,오리,3
1188,유물,3
1189,목표,3
1190,양극화,3
1191,메달,3
1192,동네,3
1193,뿌리,3
1194,특활비,3
1195,일단,3
1196,존재,3
1197,라며,3
1198,진화,3
1199,수사권,3
1200,눈높이,3
1201,부상,3
1202,영장,3
1203,변화,3
1204,추가,3
1205,표기,3
1206,저녁,3
1207,바위,3
1208,양산,3
1209,발등,3
1210,어린이,3
1211,그림자,3
1212,도쿄,3
1213,네덜란드,3
1214,가야,3
1215,월성,3
1216,가게,3
1217,갑옷,3
1218,연애,3
1219,재개,3
1220,과시,3
1221,역시,3
1222,조직,3
1223,개편,3
1224,지사,3
1225,고백,3
1226,단추,3
1227,핵물질,3
1228,지향,3
1229,내부,3
1230,당부,3
1231,대입,3
1232,영업,3
1233,이과,3
1234,선생,3
1235,러시아,3
1236,경찰청장,3
1237,지구,3
1238,저출산,3
1239,설치,3
1240,사임,3
1241,각오,3
1242,비대,3
1243,정치가,3
1244,우선,3
1245,농촌,3
1246,위안부,3
1247,질문,3
1248,유일,3
1249,합법,3
1250,막무가내,3
1251,가동,3
1252,벼랑,3
1253,철강,3
1254,상태,3
1255,유가족,3
1256,푸틴,3
1257,은폐,3
1258,손님,3
1259,재건축,3
1260,계엄,3
1261,김관진,3
1262,체계,3
1263,송환,3
1264,적용,3
1265,탄핵,3
1266,토론,3
1267,흑인,3
1268,건보,3
1269,축구,3
1270,병원,3
1271,한글,3
1272,최근,3
1273,교실,3
1274,퇴장,3
1275,전투기,3
1276,진압했다,3
1277,자살,3
1278,역전,3
1279,쓰기,3
1280,이틀,3
1281,집필,3
1282,사망,3
1283,운영,3
1284,흥정,3
1285,드론,3
1286,드라마,3
1287,개미,3
1288,문자,3
1289,조정,3
1290,전기차,3
1291,이념,3
1292,코스,3
1293,총선,3
1294,이혼,3
1295,구두,3
1296,대회,3
1297,가능성,3
1298,라디오,3
1299,조율,3
1300,파문,3
1301,투표,3
1302,아내,3
1303,명단,3
1304,동반,3
1305,방울,3
1306,유전자,3
1307,올인,3
1308,장식,3
1309,하자,3
1310,보장,3
1311,채취,3
1312,차별,3
1313,보기,3
1314,대규모,3
1315,가구,3
1316,크기,3
1317,확성기,3
1318,그녀,3
1319,리비아,3
1320,폭풍,3
1321,새벽,3
1322,일로,3
1323,진상,3
1324,공감,3
1325,정시,3
1326,선발,3
1327,이해,3
1328,유권자,3
1329,광고,3
1330,검증,3
1331,갑자기,3
1332,봄날,3
1333,원금,3
1334,아이돌,3
1335,개최,3
1336,청원,3
1337,문턱,3
1338,대접,3
1339,지진,3
1340,이희호,3
1341,여사,3
1342,다툼,3
1343,나혜석,3
1344,방안,3
1345,아저씨,3
1346,참여연대,3
1347,우유,3
1348,청탁,3
1349,단계,3
1350,수학여행,3
1351,자율,3
1352,행차,3
1353,겨냥,3
1354,사다리,3
1355,폭침,3
1356,금호,3
1357,타이어,3
1358,특단,3
1359,제언,3
1360,펜스,3
1361,장악,3
1362,금메달,3
1363,이윤택,3
1364,동계올림픽,3
1365,아베,3
1366,자유민주,3
1367,금강산,3
1368,밀양,3
1369,해피,3
1370,신년사,3
1371,상대로,2
1372,농어촌,2
1373,기금,2
1374,확충,2
1375,방과,2
1376,한창,2
1377,종로,2
1378,휴대전화,2
1379,사탕,2
1380,개정안,2
1381,철회,2
1382,도부,2
1383,친박,2
1384,비박,2
1385,숙명여고,2
1386,다이어트,2
1387,전설,2
1388,체포,2
1389,활개,2
1390,마술,2
1391,하원의원,2
1392,열강,2
1393,도움,2
1394,배상,2
1395,강사,2
1396,체육,2
1397,방탄소년단,2
1398,내란,2
1399,음모,2
1400,난리,2
1401,일자,2
1402,애국,2
1403,동북아,2
1404,신발,2
1405,양말,2
1406,업계,2
1407,아야,2
1408,전자담배,2
1409,기만,2
1410,홍종학,2
1411,보라,2
1412,유신,2
1413,메르켈,2
1414,사서,2
1415,대체,2
1416,시찰,2
1417,중진,2
1418,영국인,2
1419,칭찬,2
1420,한국인,2
1421,세계대전,2
1422,사연,2
1423,그린,2
1424,인류,2
1425,문명,2
1426,변명,2
1427,청사,2
1428,천막,2
1429,시골,2
1430,힌트,2
1431,지자체,2
1432,분위기,2
1433,정체,2
1434,억대,2
1435,해체,2
1436,몰락,2
1437,치료,2
1438,천사,2
1439,그림,2
1440,부재,2
1441,자부심,2
1442,민주화,2
1443,자원,2
1444,사례,2
1445,돌파,2
1446,징용,2
1447,파고,2
1448,정치권,2
1449,등산로,2
1450,굴욕,2
1451,패널,2
1452,모욕,2
1453,운동장,2
1454,연속,2
1455,학습,2
1456,중독,2
1457,화장,2
1458,으름장,2
1459,헌법재판관,2
1460,매우,2
1461,자금,2
1462,불꽃,2
1463,통행,2
1464,포인트,2
1465,결제,2
1466,부진,2
1467,실력,2
1468,메이,2
1469,빵집,2
1470,베이비부머,2
1471,자락,2
1472,내내,2
1473,속인,2
1474,독서,2
1475,덴마크,2
1476,옥스퍼드,2
1477,꼬리,2
1478,편견,2
1479,감시,2
1480,철밥통,2
1481,미혼,2
1482,종말,2
1483,초기,2
1484,살인,2
1485,통계청,2
1486,공통점,2
1487,부잣집,2
1488,극복,2
1489,종부세,2
1490,저항,2
1491,순방,2
1492,급증,2
1493,동남아,2
1494,본인,2
1495,운행,2
1496,선거구,2
1497,획정,2
1498,영향력,2
1499,차일피일,2
1500,비정규직,2
1501,제로,2
1502,함정,2
1503,진정,2
1504,만드,2
1505,천지,2
1506,상담,2
1507,카시트,2
1508,보급,2
1509,취준생,2
1510,침해,2
1511,총대,2
1512,서울대,2
1513,버섯,2
1514,어깨,2
1515,너머,2
1516,편의점,2
1517,비만,2
1518,국책,2
1519,연구,2
1520,한수원,2
1521,대국,2
1522,데이터,2
1523,김상조,2
1524,태풍,2
1525,후의,2
1526,낙관,2
1527,우표,2
1528,보조금,2
1529,수소차,2
1530,경관,2
1531,주거,2
1532,대장,2
1533,사우디,2
1534,벵골,2
1535,불덩이,2
1536,테니스,2
1537,사면,2
1538,정찰,2
1539,무효,2
1540,비평,2
1541,조합,2
1542,학점,2
1543,발목,2
1544,증원,2
1545,절박,2
1546,지명,2
1547,간호사,2
1548,근무,2
1549,여건,2
1550,유력,2
1551,엄마,2
1552,국보법,2
1553,국가보훈처,2
1554,실현,2
1555,초청,2
1556,허용,2
1557,상자,2
1558,계절,2
1559,물질,2
1560,방산,2
1561,채택,2
1562,미술,2
1563,파마,2
1564,진영,2
1565,김정일,2
1566,이웃,2
1567,다스,2
1568,도발,2
1569,흔적,2
1570,영양,2
1571,수장,2
1572,역행,2
1573,글쓰기,2
1574,불공정,2
1575,이동,2
1576,대출,2
1577,이면,2
1578,헌법,2
1579,누비,2
1580,스팸,2
1581,세트,2
1582,예절,2
1583,캠코더,2
1584,감투,2
1585,신입생,2
1586,가도,2
1587,도둑,2
1588,기름,2
1589,폭발,2
1590,주택가,2
1591,심재철,2
1592,업무,2
1593,폭로,2
1594,해킹,2
1595,아기,2
1596,예수,2
1597,벌레,2
1598,보행,2
1599,전단,2
1600,공공,2
1601,선비,2
1602,수상자,2
1603,아예,2
1604,선동,2
1605,쐐기,2
1606,엔진,2
1607,우주,2
1608,탈락,2
1609,외신,2
1610,강성,2
1611,자동,2
1612,열기,2
1613,격의,2
1614,제국,2
1615,연령,2
1616,범인,2
1617,수도권,2
1618,법원행정처,2
1619,의전,2
1620,샤갈,2
1621,온갖,2
1622,반론,2
1623,영변,2
1624,백두산,2
1625,청문회,2
1626,조국,2
1627,머스크,2
1628,타임캡슐,2
1629,유공,2
1630,발음,2
1631,육사,2
1632,실세,2
1633,고분,2
1634,비행,2
1635,둘째,2
1636,첫째,2
1637,전부,2
1638,추월,2
1639,구상,2
1640,펀드,2
1641,방지,2
1642,특례,2
1643,제정,2
1644,긴급,2
1645,상승,2
1646,복직,2
1647,하인,2
1648,최치원,2
1649,크게,2
1650,경찰관,2
1651,조롱,2
1652,유세,2
1653,편이,2
1654,대안,2
1655,판단,2
1656,말로,2
1657,소설,2
1658,컴퓨터,2
1659,계단,2
1660,무궁화호,2
1661,걸작,2
1662,파트너,2
1663,노후,2
1664,실업,2
1665,현대,2
1666,인건비,2
1667,대론,2
1668,누드,2
1669,접근,2
1670,확증,2
1671,희생,2
1672,세탁기,2
1673,표적,2
1674,절망,2
1675,용국,2
1676,일이,2
1677,종이,2
1678,혼밥,2
1679,폐단,2
1680,민낯,2
1681,명령,2
1682,밀무역,2
1683,연가,2
1684,해소,2
1685,부모,2
1686,깜짝,2
1687,건국,2
1688,천재,2
1689,정의용,2
1690,김명수,2
1691,예술가,2
1692,성향,2
1693,영양실조,2
1694,신세대,2
1695,귀부인,2
1696,오기,2
1697,마다,2
1698,선박,2
1699,과목,2
1700,화장실,2
1701,할아버지,2
1702,파견,2
1703,국면,2
1704,묶인,2
1705,간첩,2
1706,분리,2
1707,상공,2
1708,박항서,2
1709,등록금,2
1710,한류,2
1711,숨통,2
1712,회귀,2
1713,상상,2
1714,자해,2
1715,저주,2
1716,절실,2
1717,국정원장,2
1718,측근,2
1719,공모,2
1720,재산,2
1721,권익위,2
1722,공백,2
1723,그게,2
1724,연일,2
1725,장학,2
1726,자본,2
1727,밤하늘,2
1728,고장,2
1729,존중,2
1730,질병,2
1731,반영,2
1732,삭제,2
1733,헛돈,2
1734,전모,2
1735,심기,2
1736,존엄,2
1737,속출,2
1738,유적,2
1739,전면,2
1740,그대로,2
1741,천덕,2
1742,꾸러기,2
1743,조각품,2
1744,실버,2
1745,발생,2
1746,기각,2
1747,법정,2
1748,시안,2
1749,중계방송,2
1750,좌표,2
1751,찍기,2
1752,베이징,2
1753,임금,2
1754,통째,2
1755,지식,2
1756,홈피,2
1757,식사,2
1758,과제,2
1759,선심,2
1760,존경,2
1761,세척,2
1762,생일,2
1763,날짜,2
1764,마린,2
1765,연대,2
1766,하락,2
1767,귀환,2
1768,고문,2
1769,신경,2
1770,보험료,2
1771,퍼부을,2
1772,콘텐츠,2
1773,평가,2
1774,리카싱,2
1775,포로,2
1776,누진,2
1777,더위,2
1778,가라,2
1779,샤넬,2
1780,꼼수,2
1781,답지,2
1782,돼지,2
1783,세운,2
1784,무릅쓰,2
1785,엉망,2
1786,신석기,2
1787,장터,2
1788,친선,2
1789,혹시,2
1790,도루묵,2
1791,기쁨,2
1792,블록,2
1793,정착,2
1794,비상,2
1795,일상,2
1796,신세,2
1797,전격,2
1798,부임,2
1799,근절,2
1800,무리수,2
1801,짝퉁,2
1802,차원,2
1803,청장,2
1804,인증,2
1805,관광객,2
1806,좌석,2
1807,안전띠,2
1808,생활화,2
1809,전담,2
1810,작품,2
1811,백년,2
1812,선풍기,2
1813,한여름,2
1814,참석,2
1815,출국,2
1816,대란,2
1817,국방부,2
1818,여러분,2
1819,테스트,2
1820,파리,2
1821,본분,2
1822,수익률,2
1823,헬멧,2
1824,홍수,2
1825,때로는,2
1826,걷기,2
1827,인문학,2
1828,호기,2
1829,엑소더스,2
1830,성범죄,2
1831,군림,2
1832,전력,2
1833,주식,2
1834,구전,2
1835,공식,2
1836,양성,2
1837,부하,2
1838,의존,2
1839,파워,2
1840,휴식,2
1841,장소,2
1842,소유,2
1843,고음,2
1844,예외,2
1845,증후군,2
1846,업주,2
1847,사표,2
1848,주머니,2
1849,고립,2
1850,인터뷰,2
1851,감히,2
1852,고비,2
1853,내각,2
1854,헬기,2
1855,사흘,2
1856,여인,2
1857,무게,2
1858,파행,2
1859,안경,2
1860,제철,2
1861,이행,2
1862,쇼크,2
1863,성추행,2
1864,후계,2
1865,늑대,2
1866,동산,2
1867,문희상,2
1868,고급,2
1869,초래,2
1870,케어,2
1871,불복종,2
1872,카트,2
1873,테슬라,2
1874,신임,2
1875,화웨이,2
1876,양보,2
1877,인민재판,2
1878,글씨,2
1879,건강,2
1880,식품,2
1881,유통,2
1882,벙어리,2
1883,찬반,2
1884,합동,2
1885,동굴,2
1886,번의,2
1887,고객,2
1888,정신질환,2
1889,주시,2
1890,남성,2
1891,동포,2
1892,인도주의,2
1893,제외,2
1894,금도,2
1895,구멍,2
1896,집행,2
1897,피자,2
1898,태평양,2
1899,외부,2
1900,대체복무,2
1901,현역,2
1902,신호등,2
1903,본부장,2
1904,심사,2
1905,안갯속,2
1906,대결,2
1907,기내식,2
1908,항공,2
1909,골목,2
1910,동료,2
1911,투성이,2
1912,위장,2
1913,정글,2
1914,전용,2
1915,자처,2
1916,공영,2
1917,해설,2
1918,주역,2
1919,퇴직,2
1920,재능,2
1921,봉사활동,2
1922,경제특구,2
1923,유예,2
1924,주류,2
1925,재생,2
1926,분야,2
1927,지방정부,2
1928,애국심,2
1929,발탁,2
1930,탁현민,2
1931,영혼,2
1932,노골,2
1933,뒷문,2
1934,통합,2
1935,버핏,2
1936,활동,2
1937,거론,2
1938,악성,2
1939,래퍼,2
1940,윤동주,2
1941,백석,2
1942,시집,2
1943,동남권,2
1944,사안,2
1945,어르신,2
1946,허수아비,2
1947,명암,2
1948,교통사고,2
1949,티스,2
1950,민변,2
1951,먹기,2
1952,기부,2
1953,상인,2
1954,꽁초,2
1955,밀실,2
1956,근로자,2
1957,고생,2
1958,김치,2
1959,판정,2
1960,검경,2
1961,영림,2
1962,갑질,2
1963,강요죄,2
1964,모자,2
1965,대표팀,2
1966,배달,2
1967,주일,2
1968,어선,2
1969,쇄신,2
1970,지식인,2
1971,참가,2
1972,예측,2
1973,휴지,2
1974,독수리,2
1975,계약,2
1976,후원,2
1977,행복감,2
1978,붙이,2
1979,행렬,2
1980,매각,2
1981,변기,2
1982,풍선,2
1983,농락,2
1984,리얼리티,2
1985,본능,2
1986,표준,2
1987,대우조선,2
1988,건너,2
1989,풍요,2
1990,이건,2
1991,통한,2
1992,등산,2
1993,온전,2
1994,다해,2
1995,대충,2
1996,질서,2
1997,명함,2
1998,야생화,2
1999,입맞춤,2
2000,마나,2
2001,법원,2
2002,신뢰,2
2003,외모,2
2004,기계,2
2005,괴물,2
2006,물이,2
2007,내지,2
2008,김일성,2
2009,옥상,2
2010,택배,2
2011,노하우,2
2012,평균,2
2013,지배,2
2014,나물,2
2015,바퀴벌레,2
2016,건축,2
2017,트집,2
2018,고발,2
2019,고향,2
2020,감수,2
2021,완성,2
2022,폭파,2
2023,파키스탄,2
2024,성조기,2
2025,구도,2
2026,가격,2
2027,횡단보도,2
2028,해경,2
2029,분배,2
2030,불평등,2
2031,근육,2
2032,전통,2
2033,구본무,2
2034,화약고,2
2035,역효과,2
2036,구한,2
2037,점점,2
2038,번영,2
2039,교감,2
2040,실시,2
2041,송인,2
2042,숨기,2
2043,직무,2
2044,유기,2
2045,전술,2
2046,절벽,2
2047,우릴,2
2048,관련,2
2049,사전,2
2050,균형,2
2051,대학생,2
2052,불안,2
2053,납북자,2
2054,달기,2
2055,현재,2
2056,꼴불견,2
2057,인터넷,2
2058,지급,2
2059,마하,2
2060,티르,2
2061,봄볕,2
2062,짐승,2
2063,경의,2
2064,분양,2
2065,푸드,2
2066,잡고,2
2067,일괄,2
2068,결혼식,2
2069,카뮈,2
2070,규명,2
2071,문득,2
2072,주석,2
2073,누굴,2
2074,독재자,2
2075,증발,2
2076,천명,2
2077,예찬,2
2078,우주인,2
2079,먹튀,2
2080,완료,2
2081,감상,2
2082,포항,2
2083,파이프,2
2084,무관,2
2085,문정인,2
2086,몸짓,2
2087,적법,2
2088,패권,2
2089,시기,2
2090,동결,2
2091,간편,2
2092,심의,2
2093,김영진,2
2094,우리나라,2
2095,놀이,2
2096,다운,2
2097,지표,2
2098,중소,2
2099,회생,2
2100,돈벌이,2
2101,남북정상회담,2
2102,카다피,2
2103,수백,2
2104,열쇠,2
2105,작업,2
2106,최선,2
2107,환율,2
2108,벚꽃,2
2109,부인,2
2110,선고,2
2111,연행,2
2112,지정,2
2113,오만,2
2114,엉터리,2
2115,장성,2
2116,임무,2
2117,체력,2
2118,위성,2
2119,비닐,2
2120,독대,2
2121,김형석,2
2122,이명박,2
2123,허리,2
2124,감각,2
2125,하란,2
2126,동안,2
2127,최대한,2
2128,여수,2
2129,앞바다,2
2130,무궁화,2
2131,서열,2
2132,안철수,2
2133,장치,2
2134,항모,2
2135,영웅,2
2136,장애인,2
2137,보고서,2
2138,번진,2
2139,고개,2
2140,시중,2
2141,매화,2
2142,현충원,2
2143,방침,2
2144,영광,2
2145,피고인,2
2146,소행,2
2147,중임,2
2148,호킹,2
2149,정답,2
2150,변형,2
2151,해빙,2
2152,사죄,2
2153,하필,2
2154,시점,2
2155,유용원,2
2156,너희,2
2157,원철,2
2158,편도,2
2159,내야,2
2160,돌파구,2
2161,동화,2
2162,장려,2
2163,우물가,2
2164,숭늉,2
2165,긴장,2
2166,양국,2
2167,역량,2
2168,강화,2
2169,재정,2
2170,강요,2
2171,대답,2
2172,패럴림픽,2
2173,주의보,2
2174,대통령제,2
2175,이사장,2
2176,실체,2
2177,결핍,2
2178,틸러슨,2
2179,병사,2
2180,농산물,2
2181,유턴,2
2182,심장,2
2183,대우,2
2184,환대,2
2185,차르,2
2186,평등,2
2187,외출,2
2188,외박,2
2189,위수,2
2190,기초,2
2191,인질,2
2192,환영,2
2193,수능,2
2194,퇴폐,2
2195,소방관,2
2196,중매,2
2197,안해,2
2198,감동,2
2199,전북,2
2200,지혜,2
2201,식물,2
2202,문갑식,2
2203,타고,2
2204,현판,2
2205,청춘,2
2206,노동신문,2
2207,베끼기,2
2208,스페인,2
2209,코피,2
2210,명절,2
2211,설날,2
2212,오누이,2
2213,남침,2
2214,제의,2
2215,성희롱,2
2216,정비,2
2217,좌우,2
2218,개막,2
2219,고속도로,2
2220,주주,2
2221,마식령,2
2222,니데,2
2223,모드,2
2224,제천,2
2225,전날,2
2226,형사,2
2227,불똥,2
2228,임대료,2
2229,비트코인,2
2230,물고기,2
2231,절규,2
2232,공직,2
2233,여군,2
2234,복권,1
2235,수익금,1
2236,감원,1
2237,공립,1
2238,능사,1
2239,재갈,1
2240,물리,1
2241,치유,1
2242,항생제,1
2243,직장,1
2244,잡초,1
2245,벼룩시장,1
2246,구입,1
2247,행운,1
2248,안방,1
2249,방만,1
2250,지상파,1
2251,중간광고,1
2252,청진,1
2253,전이,1
2254,압력,1
2255,베일,1
2256,세탁,1
2257,세제,1
2258,정거장,1
2259,최저임금법,1
2260,실내경기,1
2261,소음,1
2262,내분,1
2263,강공,1
2264,주재,1
2265,백종원,1
2266,의사결정,1
2267,부리,1
2268,식민지,1
2269,수탈,1
2270,서구,1
2271,오지,1
2272,사슬,1
2273,대량,1
2274,섭리,1
2275,쌍둥이,1
2276,성적,1
2277,뭐기,1
2278,공문서,1
2279,작성,1
2280,년대,1
2281,우왕좌왕,1
2282,순안,1
2283,첩공,1
2284,태클,1
2285,외톨이,1
2286,자코메티,1
2287,감씨,1
2288,궐련,1
2289,간접흡연,1
2290,심각,1
2291,수수방관,1
2292,려고,1
2293,편성,1
2294,박람회,1
2295,동거,1
2296,입대,1
2297,무더기,1
2298,단언,1
2299,무티,1
2300,빼빼로데이,1
2301,평일,1
2302,감서,1
2303,선글라스,1
2304,소신,1
2305,불평,1
2306,교회,1
2307,천장,1
2308,포도,1
2309,넝쿨,1
2310,기능,1
2311,우대,1
2312,특성화고,1
2313,개항,1
2314,주먹다짐,1
2315,임금님,1
2316,장본인,1
2317,결의,1
2318,연중,1
2319,신성일,1
2320,협정,1
2321,센트럴,1
2322,파크,1
2323,분다,1
2324,로르카,1
2325,성장동력,1
2326,의장,1
2327,비즈니스,1
2328,출범,1
2329,가습기,1
2330,조위,1
2331,무법천지,1
2332,시정,1
2333,사치,1
2334,핼러윈,1
2335,이력,1
2336,거르,1
2337,무용지물,1
2338,양욱,1
2339,사단,1
2340,에도막부,1
2341,책상,1
2342,머리,1
2343,승리,1
2344,야전병원,1
2345,용납,1
2346,술병,1
2347,앞니,1
2348,곤두박질,1
2349,스캔들,1
2350,수습,1
2351,이제야,1
2352,국적,1
2353,문정수,1
2354,마천루,1
2355,오히려,1
2356,아파해,1
2357,중도,1
2358,비트겐슈타인,1
2359,배낭,1
2360,비인간,1
2361,잔혹,1
2362,장난,1
2363,광둥성,1
2364,지점,1
2365,소파,1
2366,경협론,1
2367,이상득,1
2368,김기춘,1
2369,페미,1
2370,사이드,1
2371,전대협,1
2372,유품,1
2373,케네디,1
2374,스무,1
2375,다람쥐,1
2376,먹이,1
2377,왕년,1
2378,공청회,1
2379,옥류관,1
2380,증시,1
2381,네로,1
2382,개구리,1
2383,모나리자,1
2384,아마존,1
2385,시어스,1
2386,허사,1
2387,꼼짝,1
2388,간과,1
2389,성형수술,1
2390,할슈타트,1
2391,비용,1
2392,모집,1
2393,공중,1
2394,폭격,1
2395,땅개,1
2396,김한수,1
2397,빈자리,1
2398,이례,1
2399,버버리,1
2400,씨앗,1
2401,통신사,1
2402,멤버십,1
2403,토슈즈,1
2404,여의도,1
2405,현대차,1
2406,원천,1
2407,시청,1
2408,커뮤니케이션,1
2409,역사상,1
2410,자인,1
2411,방향,1
2412,여우,1
2413,고슴도치,1
2414,억지로,1
2415,조개,1
2416,코미디,1
2417,모순,1
2418,아스팔트,1
2419,와쿠,1
2420,경이,1
2421,작심,1
2422,사하라,1
2423,다카,1
2424,야마,1
2425,안준호,1
2426,석유,1
2427,배짱,1
2428,셰일오일,1
2429,미련,1
2430,울타리,1
2431,여주,1
2432,양파,1
2433,스텝,1
2434,전등,1
2435,단기,1
2436,굽실,1
2437,달리,1
2438,삼도,1
2439,국유,1
2440,암초,1
2441,인사청문회,1
2442,재생에너지,1
2443,페소아,1
2444,원고,1
2445,뭉치,1
2446,면접,1
2447,건선,1
2448,상시,1
2449,국감,1
2450,안위,1
2451,위헌,1
2452,심신,1
2453,미약,1
2454,감형,1
2455,승용차,1
2456,삼국시대,1
2457,투룸,1
2458,상세,1
2459,도시락,1
2460,조약,1
2461,이성,1
2462,메이지,1
2463,칠면조,1
2464,친목,1
2465,수도승,1
2466,코닥,1
2467,후지필름,1
2468,도련님,1
2469,조세,1
2470,화물차,1
2471,적재,1
2472,탑승,1
2473,조합원,1
2474,암살,1
2475,폴란드인,1
2476,고아,1
2477,중개인,1
2478,인지,1
2479,침식,1
2480,단풍,1
2481,관광버스,1
2482,초순,1
2483,무용수,1
2484,백태,1
2485,삐걱,1
2486,멸절,1
2487,신앙,1
2488,셀프,1
2489,디스,1
2490,소녀,1
2491,제판,1
2492,나토,1
2493,베팅,1
2494,항복,1
2495,억원,1
2496,베이,1
2497,조스,1
2498,생수,1
2499,깃불,1
2500,널린,1
2501,음서,1
2502,서한,1
2503,합작,1
2504,콩깍지,1
2505,왕래,1
2506,단거리,1
2507,이지스함,1
2508,남중국해,1
2509,송이,1
2510,공지영,1
2511,강용석,1
2512,배호,1
2513,중절모,1
2514,배꼽,1
2515,골다공증,1
2516,끼니,1
2517,침전,1
2518,왕릉,1
2519,고궁,1
2520,매표원,1
2521,오른,1
2522,충당,1
2523,히로시마,1
2524,야구단,1
2525,항의,1
2526,판금,1
2527,발행,1
2528,보청기,1
2529,불만,1
2530,하노,1
2531,아프리카,1
2532,석고,1
2533,데생,1
2534,단골,1
2535,고층,1
2536,임대주택,1
2537,성매매,1
2538,창구,1
2539,채팅,1
2540,갈라파고스,1
2541,징계,1
2542,옥죄기,1
2543,김창호,1
2544,계립령,1
2545,고갯길,1
2546,첨부,1
2547,촌놈,1
2548,별로,1
2549,언론인,1
2550,수수께끼,1
2551,디올,1
2552,문구,1
2553,여제,1
2554,튀튀,1
2555,독촉,1
2556,결핵,1
2557,미디어,1
2558,선동열,1
2559,위키피디아,1
2560,덕후,1
2561,조해,1
2562,이주열,1
2563,총재,1
2564,옐런,1
2565,선우,1
2566,농간,1
2567,빼빼,1
2568,강정,1
2569,정당성,1
2570,메이커,1
2571,불토,1
2572,베케트,1
2573,포주,1
2574,물리학자,1
2575,교권,1
2576,수위,1
2577,비건,1
2578,선희,1
2579,다음주,1
2580,사춘기,1
2581,프로젝트,1
2582,질의,1
2583,서두,1
2584,출력,1
2585,기후,1
2586,카지노,1
2587,불가,1
2588,역적,1
2589,트렁크,1
2590,금동,1
2591,개조,1
2592,광도,1
2593,전조등,1
2594,호빵,1
2595,프란치스코,1
2596,초청장,1
2597,뒷북,1
2598,철거,1
2599,타운,1
2600,증인,1
2601,출연,1
2602,중고생,1
2603,염색,1
2604,미노,1
2605,어째서,1
2606,글자,1
2607,고치,1
2608,깃돌,1
2609,완충,1
2610,수역,1
2611,쟁기질,1
2612,왕실,1
2613,헝가리,1
2614,도자기,1
2615,소금,1
2616,감독,1
2617,손해,1
2618,소유자,1
2619,민영화,1
2620,토양,1
2621,과잉,1
2622,농림,1
2623,어업,1
2624,욱일기,1
2625,해커,1
2626,탈취,1
2627,공화정,1
2628,달콤,1
2629,브렉,1
2630,시트,1
2631,오사카,1
2632,함락,1
2633,프라다,1
2634,파격,1
2635,수거,1
2636,금지법,1
2637,향기,1
2638,화분,1
2639,받침,1
2640,전액,1
2641,벼락,1
2642,누군가,1
2643,납득,1
2644,춘몽,1
2645,수구,1
2646,울화통,1
2647,졸속,1
2648,동물,1
2649,문학계,1
2650,간송,1
2651,전형필,1
2652,고려청자,1
2653,인성,1
2654,집단체조,1
2655,아첨,1
2656,송유관,1
2657,유출,1
2658,휘발유,1
2659,수십,1
2660,겉흙,1
2661,초대형,1
2662,묘역,1
2663,대판,1
2664,가이드라인,1
2665,자위대,1
2666,심야,1
2667,떼창,1
2668,신조어,1
2669,더미,1
2670,뒤편,1
2671,해골,1
2672,마니아,1
2673,증강,1
2674,리용호,1
2675,부적,1
2676,격인,1
2677,집안,1
2678,밤나무,1
2679,노벨,1
2680,제소,1
2681,과연,1
2682,탐사,1
2683,환갑,1
2684,내기,1
2685,포도나무,1
2686,단발머리,1
2687,발레리나,1
2688,핵우산,1
2689,제거,1
2690,팸플릿,1
2691,김밥,1
2692,오바마,1
2693,발사,1
2694,고등,1
2695,훈련기,1
2696,입찰,1
2697,심박,1
2698,동기,1
2699,복막,1
2700,투석기,1
2701,원격,1
2702,모니터링,1
2703,판빙빙,1
2704,자루,1
2705,식탁,1
2706,구름,1
2707,먹듯,1
2708,무지개,1
2709,만이,1
2710,입국,1
2711,이불,1
2712,상반,1
2713,강국,1
2714,승무원,1
2715,은밀,1
2716,암호,1
2717,비디오,1
2718,아티스트,1
2719,백남준,1
2720,텔레비전,1
2721,무더위,1
2722,추위,1
2723,지명자,1
2724,콩가루,1
2725,뜻밖,1
2726,욕설,1
2727,리뷰,1
2728,재규어,1
2729,철망,1
2730,부순,1
2731,사자,1
2732,덮치기,1
2733,섹스,1
2734,공급,1
2735,그린벨트,1
2736,예능,1
2737,밥상,1
2738,주변,1
2739,동참,1
2740,전체주의,1
2741,유랑,1
2742,불어,1
2743,무인양품,1
2744,어려움,1
2745,물살,1
2746,진전,1
2747,코끼리,1
2748,만수대,1
2749,유구,1
2750,해법,1
2751,산물,1
2752,발라,1
2753,심부름,1
2754,삼촌,1
2755,새알,1
2756,유관순,1
2757,열사,1
2758,서훈,1
2759,등급,1
2760,세구,1
2761,조선반도,1
2762,보따리,1
2763,뒤탈,1
2764,타자수,1
2765,화청,1
2766,좁쌀,1
2767,화의,1
2768,무허가,1
2769,표지판,1
2770,의제,1
2771,사고방식,1
2772,좌절,1
2773,결포,1
2774,지름길,1
2775,컵라면,1
2776,횡단,1
2777,예체능,1
2778,국민개병,1
2779,기념일,1
2780,덩이,1
2781,허심,1
2782,탄회,1
2783,소집,1
2784,세도,1
2785,은퇴,1
2786,어쩌,1
2787,쌍용,1
2788,상전,1
2789,자체,1
2790,뭉개,1
2791,미술관,1
2792,하우스,1
2793,비어,1
2794,안테나,1
2795,대마도,1
2796,불상,1
2797,골칫거리,1
2798,비둘기,1
2799,모이,1
2800,음악가,1
2801,박찬주,1
2802,전야,1
2803,수표,1
2804,남발,1
2805,미스터,1
2806,미니,1
2807,불로소득,1
2808,안정,1
2809,벌판,1
2810,소주,1
2811,진의,1
2812,발단,1
2813,책보,1
2814,서해,1
2815,액수,1
2816,교만,1
2817,착각,1
2818,팽목항,1
2819,지족,1
2820,보신,1
2821,축구장,1
2822,패스워드,1
2823,건축가,1
2824,박길룡,1
2825,한반도기,1
2826,급등,1
2827,시세,1
2828,차익,1
2829,식중독,1
2830,상납,1
2831,제멋대로,1
2832,면허증,1
2833,마윈,1
2834,독방,1
2835,하이브리드,1
2836,연착,1
2837,잠시,1
2838,꽃할배,1
2839,일렬,1
2840,종대,1
2841,행단,1
2842,스탈린,1
2843,마오쩌둥,1
2844,조상,1
2845,플랜,1
2846,숭례문,1
2847,브라질,1
2848,국립박물관,1
2849,단절,1
2850,연안,1
2851,여객선,1
2852,일일이,1
2853,보지,1
2854,로키산맥,1
2855,은인,1
2856,동행,1
2857,메르스,1
2858,발병,1
2859,급여,1
2860,폭증,1
2861,전조,1
2862,퇴조,1
2863,아세안,1
2864,엄동설한,1
2865,들개,1
2866,추모,1
2867,환승역,1
2868,불가리아,1
2869,홀수,1
2870,훈수,1
2871,홋카이도,1
2872,블랙아웃,1
2873,전하,1
2874,동학혁명,1
2875,신청,1
2876,굿캅,1
2877,이하원,1
2878,협조,1
2879,근대화,1
2880,조리법,1
2881,잠재,1
2882,고려,1
2883,중구,1
2884,난방,1
2885,아르헨티나,1
2886,논리,1
2887,문란,1
2888,모병제,1
2889,인품,1
2890,훈유,1
2891,일대일,1
2892,압록강선,1
2893,뗏목,1
2894,투입,1
2895,페기,1
2896,구겐하임,1
2897,황금기,1
2898,불면증,1
2899,여자친구,1
2900,무릎,1
2901,국민소득,1
2902,건국절,1
2903,칼부림,1
2904,연필,1
2905,나중,1
2906,호조,1
2907,자존심,1
2908,공동체,1
2909,난파,1
2910,연방,1
2911,아줌마,1
2912,타인,1
2913,유희,1
2914,프로그램,1
2915,다양,1
2916,인력,1
2917,살얼음,1
2918,판서,1
2919,운동선수,1
2920,병역면제,1
2921,조성진,1
2922,복원성,1
2923,살림,1
2924,빠듯한데,1
2925,경전,1
2926,우승팀,1
2927,노선,1
2928,부서,1
2929,금리,1
2930,단면,1
2931,함성,1
2932,낭만,1
2933,가운데,1
2934,개각,1
2935,전세,1
2936,하나회,1
2937,독식,1
2938,여장부,1
2939,엄상,1
2940,고종,1
2941,현세,1
2942,갈채,1
2943,법안,1
2944,장마,1
2945,급변,1
2946,파악,1
2947,억양,1
2948,킹핀,1
2949,장수,1
2950,잊힌다,1
2951,피나,1
2952,우슈,1
2953,앉은뱅이,1
2954,설득,1
2955,생사,1
2956,초월,1
2957,지출,1
2958,붓기,1
2959,삭감,1
2960,전업,1
2961,주부,1
2962,멸시,1
2963,연못,1
2964,목각,1
2965,재물,1
2966,죗값,1
2967,수호,1
2968,양궁,1
2969,오진혁,1
2970,반면,1
2971,이집트,1
2972,아름드리,1
2973,목욕탕,1
2974,수정,1
2975,무성의,1
2976,다짐,1
2977,우길,1
2978,매스,1
2979,놀이터,1
2980,맘껏,1
2981,언덕,1
2982,방위,1
2983,태세,1
2984,총기,1
2985,출처,1
2986,불명,1
2987,명언,1
2988,자료,1
2989,연구원,1
2990,최종,1
2991,일해,1
2992,기형,1
2993,최종현,1
2994,험프리,1
2995,가트,1
2996,연락,1
2997,사무소,1
2998,물자,1
2999,독선,1
3000,보훈,1
3001,면책,1
3002,녹음기,1
3003,민족주의,1
3004,장래,1
3005,실태,1
3006,분포,1
3007,한민족,1
3008,기상,1
3009,소나무,1
3010,타격,1
3011,혈세,1
3012,종료,1
3013,쓰레기통,1
3014,다자,1
3015,필무,1
3016,최고법원,1
3017,건꼴,1
3018,에드워드,1
3019,호퍼,1
3020,발레리,1
3021,평전,1
3022,도토리,1
3023,무책임,1
3024,가훈,1
3025,공정위,1
3026,국가대표,1
3027,발포,1
3028,소뇌,1
3029,강변,1
3030,고구려,1
3031,지방의회,1
3032,재량,1
3033,일치,1
3034,귀하,1
3035,그것,1
3036,러브,1
3037,연말,1
3038,징조,1
3039,레너드,1
3040,번스타인,1
3041,시각장애인,1
3042,중금속,1
3043,녹조,1
3044,스쿨존,1
3045,내비게이션,1
3046,음성,1
3047,방북설,1
3048,고령화,1
3049,요일,1
3050,오류,1
3051,농업,1
3052,도농,1
3053,상생,1
3054,갱신,1
3055,교통법규,1
3056,협공,1
3057,고작,1
3058,누더기,1
3059,법칙,1
3060,여유,1
3061,남아,1
3062,하루키,1
3063,비법,1
3064,영화감독,1
3065,냉면집,1
3066,폐업,1
3067,마이너스,1
3068,수프림,1
3069,월마트,1
3070,인남,1
3071,빈살,1
3072,공산당,1
3073,아부,1
3074,간직,1
3075,아시아,1
3076,평의회,1
3077,수립,1
3078,운용,1
3079,본부,1
3080,외풍,1
3081,차단,1
3082,에르도안,1
3083,성심,1
3084,갓난아기,1
3085,살판,1
3086,파이트,1
3087,투나잇,1
3088,식빵,1
3089,토마토,1
3090,이응로,1
3091,수덕,1
3092,여관,1
3093,석홍,1
3094,이의,1
3095,범법,1
3096,신물,1
3097,냉동,1
3098,족보,1
3099,왕진,1
3100,진료,1
3101,수의,1
3102,차지,1
3103,한밤,1
3104,수도관,1
3105,수돗물,1
3106,상반기,1
3107,강산,1
3108,효율,1
3109,뒷전,1
3110,돌돈,1
3111,이메일,1
3112,표현,1
3113,인상주의,1
3114,실명,1
3115,중추,1
3116,앨버타,1
3117,펀치,1
3118,회복,1
3119,올드보이,1
3120,얘깃,1
3121,출생증명서,1
3122,불구,1
3123,거문고,1
3124,한민구,1
3125,조현,1
3126,극우,1
3127,파시스트,1
3128,출근길,1
3129,감자,1
3130,아시안,1
3131,엠블럼,1
3132,진흙,1
3133,백일홍,1
3134,사립,1
3135,과학관,1
3136,산실,1
3137,영화관,1
3138,번역가,1
3139,몰두,1
3140,국정조사,1
3141,서슬,1
3142,대질,1
3143,서머타임,1
3144,의지력,1
3145,어리석음,1
3146,과소,1
3147,강령,1
3148,인하,1
3149,초보,1
3150,의문,1
3151,커넥션,1
3152,조의,1
3153,이슈,1
3154,파상공격,1
3155,응집,1
3156,어찌,1
3157,래프팅,1
3158,수입,1
3159,회사,1
3160,닥치고,1
3161,산산,1
3162,피부,1
3163,온실가스,1
3164,각심,1
3165,카르,1
3166,브레송,1
3167,라이카,1
3168,에콰도르,1
3169,조형,1
3170,뒷걸음질,1
3171,이슬람,1
3172,정서,1
3173,배척,1
3174,용변,1
3175,진창,1
3176,무법,1
3177,수질,1
3178,특채,1
3179,아몬드,1
3180,햄버거,1
3181,식량,1
3182,공중화장실,1
3183,비치,1
3184,외무,1
3185,테헤란,1
3186,단번,1
3187,묘책,1
3188,버터,1
3189,인종,1
3190,도피,1
3191,청화백자,1
3192,손기정,1
3193,투혼,1
3194,마라톤,1
3195,재건,1
3196,이산화탄소,1
3197,경지,1
3198,반입,1
3199,운반,1
3200,출항,1
3201,위도,1
3202,코레일,1
3203,창조,1
3204,토사,1
3205,곡학아세,1
3206,강도,1
3207,빈도,1
3208,이사,1
3209,가발,1
3210,태양빛,1
3211,김마리아,1
3212,독립운동,1
3213,신차,1
3214,레몬,1
3215,아라곤,1
3216,원점,1
3217,문서,1
3218,구진,1
3219,구경만,1
3220,간담,1
3221,장군,1
3222,연극,1
3223,논평,1
3224,띄어쓰기,1
3225,인권위,1
3226,질환,1
3227,응급,1
3228,구축,1
3229,바다로,1
3230,심연,1
3231,해리스,1
3232,충분,1
3233,구함,1
3234,동원,1
3235,강남스타일,1
3236,임화,1
3237,깃발,1
3238,투명,1
3239,관성,1
3240,착용,1
3241,양승태,1
3242,설비,1
3243,입성,1
3244,바둑,1
3245,사부,1
3246,난이,1
3247,세력권,1
3248,편입,1
3249,구세주,1
3250,억제,1
3251,요절,1
3252,전기요금,1
3253,단도,1
3254,소린,1
3255,노른자위,1
3256,상권,1
3257,먹방,1
3258,맞춤,1
3259,출하,1
3260,칠지도,1
3261,캠프,1
3262,군용기,1
3263,동해,1
3264,공석,1
3265,권위,1
3266,경례,1
3267,절하,1
3268,퇴계,1
3269,대여,1
3270,퇴각,1
3271,더욱,1
3272,말라리아,1
3273,퇴치,1
3274,코스모스,1
3275,기승,1
3276,말벌,1
3277,보전,1
3278,호프,1
3279,미팅,1
3280,각본,1
3281,난로,1
3282,위력,1
3283,개념,1
3284,살길,1
3285,고갈,1
3286,한울,1
3287,여부,1
3288,일본인,1
3289,에어컨,1
3290,폭포수,1
3291,비서실,1
3292,지휘,1
3293,마비,1
3294,안전모,1
3295,학문,1
3296,전공,1
3297,정도,1
3298,평론가,1
3299,카페인,1
3300,적정,1
3301,섭취,1
3302,산출,1
3303,빅토르,1
3304,위고,1
3305,호밀,1
3306,흑빵,1
3307,네잎클로버,1
3308,화합,1
3309,농업인,1
3310,개척,1
3311,겨눈,1
3312,거짓말쟁이,1
3313,기강,1
3314,지적,1
3315,천하,1
3316,초등생,1
3317,허탕,1
3318,소문,1
3319,탕진,1
3320,회전목마,1
3321,계엄령,1
3322,직속,1
3323,난타,1
3324,지난해,1
3325,위성사진,1
3326,눈가,1
3327,최인훈,1
3328,질소,1
3329,오일,1
3330,우먼,1
3331,칸막이,1
3332,삼복,1
3333,쇠라,1
3334,점묘법,1
3335,한국판,1
3336,핵연료,1
3337,임시,1
3338,포화,1
3339,운전면허증,1
3340,자진,1
3341,반납,1
3342,판국,1
3343,스톡홀름,1
3344,먹잇감,1
3345,요트,1
3346,마오리,1
3347,카누,1
3348,여름철,1
3349,실내,1
3350,온도,1
3351,어린이집,1
3352,선원,1
3353,상하이,1
3354,총영사,1
3355,빈사,1
3356,우위,1
3357,낚싯배,1
3358,묵념,1
3359,해병,1
3360,혐오,1
3361,스트레스,1
3362,면역,1
3363,자발,1
3364,속보,1
3365,대지,1
3366,정지,1
3367,찰떡,1
3368,궁합,1
3369,국민투표,1
3370,슈가,1
3371,호들갑,1
3372,애도,1
3373,파산,1
3374,김영란,1
3375,내사,1
3376,체결,1
3377,결코,1
3378,수도동,1
3379,지배구조,1
3380,크로아티아,1
3381,에너지,1
3382,간극,1
3383,박용래,1
3384,참전용사,1
3385,초대,1
3386,프로야구,1
3387,올스타전,1
3388,현황,1
3389,악순환,1
3390,김병준,1
3391,군홧발,1
3392,열대야,1
3393,정정,1
3394,이탈리아,1
3395,장갑,1
3396,가상세계,1
3397,체험,1
3398,남혐,1
3399,여혐,1
3400,지지자,1
3401,금연,1
3402,봉황,1
3403,묵힌,1
3404,상임,1
3405,우승,1
3406,껑충,1
3407,입학,1
3408,휘파람,1
3409,여성혐오,1
3410,증오범죄,1
3411,침팬지,1
3412,에덴,1
3413,엘리베이터,1
3414,레이디,1
3415,외래종,1
3416,녹턴,1
3417,제출,1
3418,자릿수,1
3419,비명,1
3420,원내대표,1
3421,유인태,1
3422,통신업,1
3423,노동자,1
3424,영세,1
3425,기차,1
3426,가건물,1
3427,나비,1
3428,싸구려,1
3429,범칙,1
3430,당권,1
3431,정리,1
3432,본격,1
3433,후안,1
3434,무치,1
3435,축사,1
3436,삼겹살,1
3437,만날,1
3438,해산,1
3439,이기주의,1
3440,초유,1
3441,장서,1
3442,런가,1
3443,달이,1
3444,혈압,1
3445,성호,1
3446,이기문,1
3447,유니클로,1
3448,불합격,1
3449,한수,1
3450,거년,1
3451,차일,1
3452,남북관계,1
3453,덕담,1
3454,이사도,1
3455,덩컨,1
3456,스카프,1
3457,인물,1
3458,가로수,1
3459,치과,1
3460,임플란트,1
3461,기한,1
3462,전복,1
3463,학계,1
3464,기업인,1
3465,전공자,1
3466,태국,1
3467,변곡점,1
3468,풀기,1
3469,숙제,1
3470,수단,1
3471,주유소,1
3472,판촉,1
3473,치어리더,1
3474,옹관,1
3475,봇물,1
3476,회의론,1
3477,클릭,1
3478,혜화역,1
3479,현상,1
3480,회견,1
3481,참전,1
3482,큰절,1
3483,정화수,1
3484,행위,1
3485,무제,1
3486,준공,1
3487,격려,1
3488,사형,1
3489,형제,1
3490,성학,1
3491,양쪽,1
3492,협회,1
3493,스타킹,1
3494,대기,1
3495,버튼,1
3496,취할,1
3497,타령,1
3498,항변,1
3499,구속영장,1
3500,손짓,1
3501,웃음,1
3502,그날,1
3503,부채질,1
3504,산업화,1
3505,공화혁명,1
3506,산사태,1
3507,병신,1
3508,저리,1
3509,퇴원,1
3510,조리,1
3511,고물,1
3512,막막,1
3513,환경보호,1
3514,실천,1
3515,초여름,1
3516,엘턴,1
3517,산사,1
3518,중이,1
3519,특위,1
3520,기재부,1
3521,천상,1
3522,다사,1
3523,여개,1
3524,법치국가,1
3525,비정상,1
3526,헤드폰,1
3527,김해,1
3528,활주로,1
3529,김향안,1
3530,발돋움,1
3531,연남동,1
3532,뼈문,1
3533,종류,1
3534,갖가지,1
3535,씨름,1
3536,말장난,1
3537,약점,1
3538,박성현,1
3539,수퍼스타,1
3540,칼끝,1
3541,치기,1
3542,애완견,1
3543,가방,1
3544,지킴,1
3545,부엉이,1
3546,벨기에,1
3547,물씬,1
3548,제청,1
3549,절친,1
3550,도청,1
3551,장마당,1
3552,전재용,1
3553,선장,1
3554,생기,1
3555,기관차,1
3556,일터,1
3557,나눔,1
3558,신의주,1
3559,버럭,1
3560,쓰나미,1
3561,집회,1
3562,동지,1
3563,주심,1
3564,명품,1
3565,시계,1
3566,지팡이,1
3567,공교육,1
3568,러시아워,1
3569,걸그룹,1
3570,입문,1
3571,접경,1
3572,자살골,1
3573,윤종원,1
3574,어벤저스,1
3575,시사,1
3576,지연작전,1
3577,상실,1
3578,노력,1
3579,달인,1
3580,장막,1
3581,인맥,1
3582,최경운,1
3583,이슬비,1
3584,좌익,1
3585,우익,1
3586,타스,1
3587,워런,1
3588,개원,1
3589,절류,1
3590,중풍,1
3591,아르바이트,1
3592,정례,1
3593,원사,1
3594,질질,1
3595,큰소리,1
3596,지기,1
3597,격화되,1
3598,조선족,1
3599,우상,1
3600,조문,1
3601,형범,1
3602,미전,1
3603,어보,1
3604,울화,1
3605,백인,1
3606,프리킥,1
3607,스프레이,1
3608,참외,1
3609,보료,1
3610,정당인,1
3611,연루,1
3612,영전,1
3613,봉합,1
3614,세븐일레븐,1
3615,마저,1
3616,동로마제국,1
3617,샤토브리앙,1
3618,루소,1
3619,가문,1
3620,선팅,1
3621,송철호,1
3622,가세,1
3623,개돼지,1
3624,총경,1
3625,벌이,1
3626,야간비행,1
3627,허가,1
3628,반공,1
3629,종북,1
3630,사지,1
3631,정하나,1
3632,침공,1
3633,치명,1
3634,파탈,1
3635,수목,1
3636,육성,1
3637,도로원표,1
3638,효도,1
3639,해병대,1
3640,정치사,1
3641,김종필,1
3642,매출,1
3643,급감,1
3644,당선,1
3645,행보,1
3646,약자,1
3647,재무,1
3648,만하,1
3649,노르망디,1
3650,폴란드,1
3651,호국,1
3652,아욱,1
3653,매연,1
3654,선거법,1
3655,지역구,1
3656,얼렁뚱땅,1
3657,폐쇄할,1
3658,당원,1
3659,다수결,1
3660,기술자,1
3661,일생,1
3662,죽지,1
3663,계파,1
3664,페이스,1
3665,압승하,1
3666,움직,1
3667,도지사,1
3668,이기,1
3669,집착,1
3670,풍년,1
3671,습관,1
3672,단독,1
3673,덕수궁,1
3674,진장,1
3675,감성,1
3676,루프,1
3677,익선동,1
3678,에릭,1
3679,사티,1
3680,펠트,1
3681,까치밥,1
3682,멕시코,1
3683,첫걸음,1
3684,의과대학,1
3685,과실,1
3686,신설,1
3687,월드,1
3688,식구,1
3689,폐인,1
3690,사물인터넷,1
3691,근간,1
3692,성의,1
3693,오월,1
3694,동주,1
3695,황소개구리,1
3696,선포,1
3697,소탕,1
3698,마리,1
3699,손수건,1
3700,냉동식품,1
3701,일주일,1
3702,유능,1
3703,장사정포,1
3704,관철,1
3705,독트린,1
3706,프리,1
3707,김칫국,1
3708,남북한,1
3709,배경,1
3710,디오게네스,1
3711,선크림,1
3712,악당,1
3713,확립,1
3714,청정,1
3715,결심,1
3716,요소,1
3717,감찰,1
3718,핫라인,1
3719,충견,1
3720,고용노동부,1
3721,무효표,1
3722,요즘,1
3723,사명,1
3724,대부분,1
3725,규율,1
3726,수평,1
3727,포스터,1
3728,골키퍼,1
3729,술통,1
3730,보행자,1
3731,적개심,1
3732,합중국,1
3733,경칭,1
3734,힙합,1
3735,매혹,1
3736,과반,1
3737,참패,1
3738,평온,1
3739,이부,1
3740,팩트,1
3741,희망이,1
3742,저팔계,1
3743,고착,1
3744,재단,1
3745,사무실,1
3746,김동섭,1
3747,사별,1
3748,솔로,1
3749,망치,1
3750,여신,1
3751,강유,1
3752,상제,1
3753,재채기,1
3754,력사,1
3755,입법,1
3756,행정,1
3757,비근,1
3758,바오밥나무,1
3759,돌연사,1
3760,이동식,1
3761,스틱,1
3762,사당동,1
3763,사자성어,1
3764,속담,1
3765,몸단,1
3766,전례,1
3767,대약진,1
3768,반칙,1
3769,민생,1
3770,신혼,1
3771,비꼬기,1
3772,해수욕장,1
3773,무질서,1
3774,표고버섯,1
3775,미흡,1
3776,최강,1
3777,가입,1
3778,낙동강,1
3779,덩샤오핑,1
3780,센토,1
3781,유래,1
3782,데리,1
3783,에이레네,1
3784,군주,1
3785,하마,1
3786,소스,1
3787,살피,1
3788,키즈,1
3789,출산율,1
3790,오찬,1
3791,목전,1
3792,밀당,1
3793,발걸음,1
3794,세네갈,1
3795,말리,1
3796,나꼼수,1
3797,사법파동,1
3798,당근,1
3799,껍질,1
3800,핫도그,1
3801,치아,1
3802,산악자전거,1
3803,진입,1
3804,샹그릴라,1
3805,인천,1
3806,부천,1
3807,담당자,1
3808,치외법권,1
3809,입자,1
3810,방탄,1
3811,열공,1
3812,사피,1
3813,막판,1
3814,이재명,1
3815,김부선,1
3816,쟁점,1
3817,소원,1
3818,수로,1
3819,사다트,1
3820,불길,1
3821,과로사,1
3822,길거리,1
3823,푼돈,1
3824,이견,1
3825,동부,1
3826,박발,1
3827,밥줘,1
3828,필리핀,1
3829,뽀뽀,1
3830,키스,1
3831,앙리,1
3832,마티스,1
3833,안락,1
3834,별똥,1
3835,국립공원,1
3836,저기,1
3837,연구소,1
3838,줄타기,1
3839,의료사,1
3840,귀농,1
3841,보시,1
3842,몽타주,1
3843,임나일본부,1
3844,무너,1
3845,압승,1
3846,자신,1
3847,변경,1
3848,폐족,1
3849,재팬,1
3850,연예인,1
3851,슬픔,1
3852,무한,1
3853,행정가,1
3854,명분,1
3855,구라,1
3856,어원,1
3857,코앞,1
3858,야권,1
3859,때론,1
3860,배신,1
3861,낙방,1
3862,조원,1
3863,청약,1
3864,해발,1
3865,높이,1
3866,횟수,1
3867,베리,1
3868,변국,1
3869,근거,1
3870,가늠,1
3871,다섯,1
3872,척도,1
3873,필름,1
3874,증오,1
3875,편승,1
3876,유포,1
3877,변희재,1
3878,사활,1
3879,헤게모니,1
3880,후보자,1
3881,수인,1
3882,할인,1
3883,선거운동,1
3884,돌입,1
3885,예고편,1
3886,골칫덩,1
3887,유이,1
3888,구로,1
3889,등대,1
3890,넷마블,1
3891,의겸,1
3892,박태원,1
3893,산딸기,1
3894,다문화,1
3895,밀집,1
3896,왕관,1
3897,해상,1
3898,가계,1
3899,직시,1
3900,지원이,1
3901,주먹,1
3902,플루토늄,1
3903,수천,1
3904,집배원,1
3905,시행착오,1
3906,랜선,1
3907,집사,1
3908,뒤집혔다,1
3909,직보,1
3910,조선시대,1
3911,빌보드,1
3912,자유주의자,1
3913,갑티,1
3914,케이크,1
3915,빌어,1
3916,블루,1
3917,오션,1
3918,상품,1
3919,수권,1
3920,자칫,1
3921,그르칠,1
3922,손바닥,1
3923,허울,1
3924,치레,1
3925,수행자,1
3926,오현,1
3927,상속세,1
3928,린다,1
3929,쌍계사,1
3930,이동통신,1
3931,건널목,1
3932,혼동,1
3933,강제수용소,1
3934,침몰,1
3935,배송,1
3936,라돈,1
3937,개울물,1
3938,박은주,1
3939,잔고,1
3940,부도,1
3941,원래,1
3942,모택동,1
3943,목례,1
3944,묵례,1
3945,반찬,1
3946,가짓수,1
3947,자문,1
3948,군사훈련,1
3949,승객,1
3950,사비,1
3951,햇볕정책,1
3952,사직,1
3953,복샘,1
3954,맑은,1
3955,릴린,1
3956,먼로,1
3957,스웨터,1
3958,관객,1
3959,코미디언,1
3960,조용필,1
3961,금관,1
3962,수여,1
3963,종량제,1
3964,봉투,1
3965,기자회견,1
3966,몽니,1
3967,뒤엎는,1
3968,수목장,1
3969,미혼모,1
3970,노점,1
3971,멀리,1
3972,자주,1
3973,공비,1
3974,토벌,1
3975,식인,1
3976,상어,1
3977,포획,1
3978,경비정,1
3979,예약,1
3980,순찰,1
3981,빈집,1
3982,태업,1
3983,깽판,1
3984,전념,1
3985,풍악,1
3986,동족,1
3987,쪼끔,1
3988,부처님,1
3989,일등,1
3990,마찬가지,1
3991,대고,1
3992,불쾌감,1
3993,몸통,1
3994,전성,1
3995,부처님오신날,1
3996,일본엔,1
3997,학년,1
3998,로만,1
3999,우산,1
4000,술판,1
4001,장선,1
4002,고액,1
4003,일비,1
4004,시연,1
4005,편향,1
4006,자단,1
4007,접수,1
4008,조언,1
4009,스펙,1
4010,호의,1
4011,이용수,1
4012,김명성,1
4013,잡채,1
4014,관찰,1
4015,최저,1
4016,경제지표,1
4017,불수,1
4018,천국,1
4019,북유럽,1
4020,황영조,1
4021,레일,1
4022,멜빌,1
4023,포경선,1
4024,등록,1
4025,정우성,1
4026,매번,1
4027,화학,1
4028,세균,1
4029,상식,1
4030,결판,1
4031,김성회,1
4032,금전,1
4033,웅진,1
4034,천도,1
4035,마셜플랜,1
4036,막대,1
4037,심정,1
4038,청바지,1
4039,홍어,1
4040,가로등,1
4041,독점,1
4042,경비원,1
4043,카피,1
4044,수집,1
4045,특검법,1
4046,겨우,1
4047,왕따,1
4048,자찬,1
4049,조사해,1
4050,철갑상어,1
4051,어기,1
4052,위법,1
4053,작고,1
4054,수직,1
4055,사냥꾼,1
4056,눈빛,1
4057,방관,1
4058,내비,1
4059,지붕,1
4060,안락사,1
4061,낙제,1
4062,마르크스,1
4063,통탄,1
4064,팬티,1
4065,자유의지,1
4066,지나,1
4067,경위,1
4068,상한,1
4069,공생,1
4070,발전,1
4071,포장재,1
4072,작년,1
4073,해난,1
4074,응답,1
4075,표본,1
4076,추출,1
4077,방통심의위,1
4078,종결,1
4079,치킨,1
4080,로망,1
4081,우후죽순,1
4082,발전소,1
4083,백두대간,1
4084,조심,1
4085,머그컵,1
4086,마일리지,1
4087,적립,1
4088,임자,1
4089,링크,1
4090,국무,1
4091,태배,1
4092,예치,1
4093,제각각,1
4094,밤잠,1
4095,수명,1
4096,해리,1
4097,상의,1
4098,변수,1
4099,구장,1
4100,짜장면,1
4101,당구공,1
4102,일장기,1
4103,산꼭대기,1
4104,흉내내,1
4105,어버이날,1
4106,일당,1
4107,단일,1
4108,가까이,1
4109,이중섭,1
4110,낭패,1
4111,산림녹화,1
4112,눈엣가시,1
4113,근현대사,1
4114,편중,1
4115,무늬,1
4116,정표,1
4117,확정,1
4118,고삐,1
4119,소나기,1
4120,공권력,1
4121,망각,1
4122,이준구,1
4123,팔자,1
4124,멜버른,1
4125,물속,1
4126,컬링,1
4127,정기,1
4128,번호판,1
4129,연출,1
4130,김성태,1
4131,주먹질,1
4132,투자자,1
4133,주둔,1
4134,한국사,1
4135,김소희,1
4136,온돌,1
4137,연쇄,1
4138,사인,1
4139,편애,1
4140,경은,1
4141,변호인,1
4142,작정,1
4143,억류,1
4144,미국인,1
4145,석방,1
4146,버려진,1
4147,이력서,1
4148,사원,1
4149,입사,1
4150,도요타,1
4151,돌발,1
4152,즉흥,1
4153,교란,1
4154,석권,1
4155,녹색,1
4156,방지책,1
4157,분홍,1
4158,철쭉,1
4159,물결,1
4160,비뇨기,1
4161,쓴소리,1
4162,김정,1
4163,모사드,1
4164,진원,1
4165,주입,1
4166,안목,1
4167,맥고모자,1
4168,카터,1
4169,권장,1
4170,족집게,1
4171,모처럼,1
4172,공로,1
4173,양병,1
4174,체질,1
4175,오렌지,1
4176,가르침,1
4177,커닝,1
4178,누명,1
4179,억울,1
4180,운전기사,1
4181,의안,1
4182,한의사,1
4183,멤버,1
4184,섬나라,1
4185,각광,1
4186,캔버스,1
4187,구매,1
4188,물소,1
4189,법제처,1
4190,경호실,1
4191,인기투표,1
4192,맙시,1
4193,운세,1
4194,농경,1
4195,전락,1
4196,인파이터,1
4197,몽상가,1
4198,노예,1
4199,해방,1
4200,초록빛,1
4201,따릉,1
4202,단호,1
4203,모조리,1
4204,곳곳이,1
4205,지침,1
4206,프레,1
4207,메모,1
4208,민족사,1
4209,아귀,1
4210,협업,1
4211,협의,1
4212,남미,1
4213,허풍,1
4214,교육인,1
4215,모종,1
4216,외치,1
4217,양치기,1
4218,핵무기,1
4219,보탤,1
4220,모방,1
4221,메뉴,1
4222,폭스뉴스,1
4223,싱클레어,1
4224,트로이,1
4225,목마,1
4226,대중교통,1
4227,황소,1
4228,친절,1
4229,지난달,1
4230,디젤,1
4231,공해,1
4232,스티커,1
4233,차라,1
4234,불기소,1
4235,처분,1
4236,거울,1
4237,이마,1
4238,평화통일,1
4239,윤이상,1
4240,삼국통일,1
4241,감정,1
4242,출생신고,1
4243,여비,1
4244,연명,1
4245,창건,1
4246,눈썹,1
4247,최초,1
4248,복싱,1
4249,챔피언,1
4250,프로이트,1
4251,예견,1
4252,버넘,1
4253,제스처,1
4254,과오,1
4255,여옥,1
4256,마녀사냥,1
4257,영구,1
4258,보좌,1
4259,금품,1
4260,행진,1
4261,중앙,1
4262,복합,1
4263,미생물,1
4264,핵폐기물,1
4265,낙화,1
4266,이산가족상봉,1
4267,면서,1
4268,당장,1
4269,조폭,1
4270,묘소,1
4271,한층,1
4272,살포,1
4273,대준,1
4274,무경,1
4275,김상현,1
4276,이선민,1
4277,남로당,1
4278,가담,1
4279,무고,1
4280,구별,1
4281,배움,1
4282,맞선,1
4283,이승만,1
4284,연초록,1
4285,표명,1
4286,게이트,1
4287,실형,1
4288,정의당,1
4289,명중,1
4290,취우표풍,1
4291,알렉스,1
4292,퍼거슨,1
4293,롯데,1
4294,그리스,1
4295,카프카,1
4296,타자기,1
4297,플로리다,1
4298,겨울철,1
4299,윤봉길,1
4300,관광지,1
4301,결말,1
4302,급락,1
4303,코스프레,1
4304,순위,1
4305,최은희,1
4306,시니어,1
4307,자원봉사,1
4308,보양식,1
4309,분유,1
4310,범람,1
4311,소화,1
4312,마시기,1
4313,천안,1
4314,고리,1
4315,배구,1
4316,규정,1
4317,마법,1
4318,비호,1
4319,이대,1
4320,자의,1
4321,섬유,1
4322,완수,1
4323,모색,1
4324,저하,1
4325,체력장,1
4326,폭주,1
4327,좌천,1
4328,만큼,1
4329,설계,1
4330,성명,1
4331,우포늪,1
4332,서서,1
4333,뉴미디어,1
4334,일거수일투족,1
4335,포착,1
4336,첩보,1
4337,브랜드,1
4338,도우미,1
4339,원장,1
4340,거취,1
4341,선관위,1
4342,배후,1
4343,방패,1
4344,변덕,1
4345,감정노동,1
4346,연습,1
4347,각자,1
4348,금일봉,1
4349,눈독,1
4350,허락,1
4351,만남,1
4352,수퍼볼,1
4353,시청률,1
4354,총살,1
4355,구경,1
4356,경시,1
4357,항상,1
4358,물건,1
4359,세비,1
4360,지방자치,1
4361,헛발질,1
4362,오해,1
4363,인스타그램,1
4364,변질,1
4365,사르트르,1
4366,숙박,1
4367,새싹,1
4368,망우,1
4369,문화유산,1
4370,보존,1
4371,예의,1
4372,민심,1
4373,재활용,1
4374,단물,1
4375,민정,1
4376,무술,1
4377,옥사,1
4378,표범,1
4379,페이스북,1
4380,새마을,1
4381,승차,1
4382,감고,1
4383,피감,1
4384,휴일,1
4385,땡처리,1
4386,외유,1
4387,유례,1
4388,중견,1
4389,김문수,1
4390,용단,1
4391,공매도,1
4392,인수,1
4393,밥집,1
4394,촉감,1
4395,쿠바,1
4396,빈병,1
4397,보증,1
4398,금제,1
4399,해임,1
4400,사유,1
4401,대치,1
4402,영향,1
4403,단순,1
4404,유령,1
4405,순직,1
4406,불패,1
4407,경양방죽,1
4408,무상,1
4409,기증,1
4410,결합,1
4411,목격,1
4412,빈티,1
4413,싱크탱크,1
4414,독주,1
4415,발발,1
4416,오아시스,1
4417,스필버그,1
4418,점거,1
4419,고철,1
4420,원자로,1
4421,전리품,1
4422,학원,1
4423,지뢰,1
4424,미얀마,1
4425,난항,1
4426,다랑어,1
4427,뱃살,1
4428,남명,1
4429,경범죄,1
4430,소풍,1
4431,연장,1
4432,이적단체,1
4433,위원회,1
4434,공동묘지,1
4435,어구,1
4436,촉발,1
4437,농도,1
4438,알갱이,1
4439,로자,1
4440,룩셈부르크,1
4441,조약돌,1
4442,아빠,1
4443,보완,1
4444,피의자,1
4445,인격,1
4446,망신,1
4447,명백,1
4448,마구,1
4449,생중계,1
4450,특별법,1
4451,장병,1
4452,마늘,1
4453,파동,1
4454,로열패밀리,1
4455,괴테,1
4456,로스차일드,1
4457,구분,1
4458,마무리,1
4459,희화,1
4460,자작,1
4461,발뺌,1
4462,태도,1
4463,축구감독,1
4464,환경운동,1
4465,차관,1
4466,경솔,1
4467,학부모,1
4468,분권,1
4469,레드,1
4470,벨벳,1
4471,폭동,1
4472,제인,1
4473,구달,1
4474,채식,1
4475,도마,1
4476,오빠,1
4477,가이드,1
4478,남아도,1
4479,사료,1
4480,위탁,1
4481,무드,1
4482,신속,1
4483,순서,1
4484,생떼,1
4485,정해,1
4486,자아,1
4487,달러,1
4488,병기,1
4489,만우절,1
4490,사우나,1
4491,배음,1
4492,창의력,1
4493,기하,1
4494,중등,1
4495,교과,1
4496,회전,1
4497,태블릿,1
4498,영태,1
4499,서랍,1
4500,출현,1
4501,박원순,1
4502,서울시장,1
4503,길목,1
4504,바야흐로,1
4505,서지,1
4506,특정,1
4507,출세,1
4508,관행,1
4509,강력,1
4510,수감,1
4511,학살,1
4512,납북,1
4513,타도,1
4514,호언,1
4515,염치,1
4516,스텔스기,1
4517,겨누,1
4518,대항,1
4519,할마,1
4520,할빠,1
4521,손주,1
4522,육아,1
4523,지리산,1
4524,산수유,1
4525,리얼리즘,1
4526,군비,1
4527,바퀴,1
4528,오자,1
4529,칠사,1
4530,트릴레마,1
4531,자초,1
4532,흐지부지,1
4533,수업료,1
4534,김영랑,1
4535,유성기,1
4536,다행,1
4537,식목일,1
4538,나라꽃,1
4539,밀착,1
4540,이완,1
4541,통제,1
4542,아동,1
4543,주자,1
4544,서희,1
4545,처칠,1
4546,김현종,1
4547,훈방,1
4548,최후,1
4549,공산성,1
4550,회양목,1
4551,오거리,1
4552,타결,1
4553,성도,1
4554,호세,1
4555,아브,1
4556,레우,1
4557,무작정,1
4558,가선,1
4559,지구온난화,1
4560,노래방,1
4561,그루,1
4562,떡갈나무,1
4563,산불,1
4564,성주,1
4565,역할,1
4566,압축,1
4567,기권,1
4568,렵니,1
4569,농암,1
4570,감자칩,1
4571,건조,1
4572,퇴근,1
4573,선언서,1
4574,설령,1
4575,통과,1
4576,볼턴,1
4577,기성세대,1
4578,봉책,1
4579,샐러리맨,1
4580,일베,1
4581,사이트,1
4582,방심위,1
4583,하일지,1
4584,얼룩,1
4585,부귀,1
4586,오페라,1
4587,도요토미,1
4588,멸망,1
4589,인과응보,1
4590,구급차,1
4591,출동,1
4592,거부권,1
4593,수도꼭지,1
4594,규격,1
4595,화로,1
4596,절약,1
4597,꽃샘추위,1
4598,꽃봉오리,1
4599,국무회의,1
4600,로비,1
4601,택일,1
4602,축의금,1
4603,예사로,1
4604,하도급,1
4605,합계,1
4606,과지,1
4607,승강장,1
4608,번호,1
4609,류허,1
4610,변속,1
4611,중재,1
4612,스마트,1
4613,해피엔딩,1
4614,노예제,1
4615,생물학,1
4616,이쾌대,1
4617,야구,1
4618,방망이,1
4619,공예,1
4620,무형문화재,1
4621,건강검진,1
4622,성인병,1
4623,검진,1
4624,만년필,1
4625,모습,1
4626,조정은,1
4627,천지개벽,1
4628,거나,1
4629,박인비,1
4630,상대,1
4631,플레이어,1
4632,가로,1
4633,벤츠,1
4634,도이체방크,1
4635,사냥,1
4636,포비아,1
4637,개국,1
4638,세례,1
4639,따윈,1
4640,그릇,1
4641,유명,1
4642,곰탕,1
4643,시속,1
4644,하이퍼루프,1
4645,자산,1
4646,예년,1
4647,앞뒤,1
4648,음식점,1
4649,만델라,1
4650,거대,1
4651,거미,1
4652,수면,1
4653,클린,1
4654,미트,1
4655,현수막,1
4656,결재,1
4657,발의,1
4658,선진,1
4659,삼자,1
4660,만능,1
4661,조명,1
4662,자명종,1
4663,도화,1
4664,예비군,1
4665,처우,1
4666,차세대,1
4667,오지랖,1
4668,매년,1
4669,마담,1
4670,디렉터,1
4671,호남,1
4672,카톡,1
4673,트윗,1
4674,교육비,1
4675,방송인,1
4676,굴리,1
4677,의회,1
4678,출두,1
4679,여덟,1
4680,아홉,1
4681,고금,1
4682,아웃사이더,1
4683,시몬,1
4684,보부아르,1
4685,행정부,1
4686,정략뿐,1
4687,해당,1
4688,직권,1
4689,기다림,1
4690,막부,1
4691,중용,1
4692,사무라이,1
4693,군함,1
4694,도달,1
4695,민간인,1
4696,군기,1
4697,질타,1
4698,삐삐,1
4699,표시,1
4700,서막,1
4701,일찍,1
4702,과학기술,1
4703,제로섬,1
4704,마스크,1
4705,색채,1
4706,로스,1
4707,도로교통법,1
4708,초록,1
4709,누리,1
4710,며칠,1
4711,독살,1
4712,굴종,1
4713,토템,1
4714,천년,1
4715,심리,1
4716,연탄,1
4717,만두라,1
4718,애국지사,1
4719,애국가,1
4720,김구,1
4721,음향,1
4722,민병두,1
4723,만류,1
4724,만약,1
4725,수교,1
4726,방아쇠,1
4727,호평,1
4728,정봉주,1
4729,껍데기,1
4730,비위,1
4731,직성,1
4732,국가안보실,1
4733,프로파간다,1
4734,세부,1
4735,동석,1
4736,추상,1
4737,도덕성,1
4738,간지럼,1
4739,마치,1
4740,김씨,1
4741,이두,1
4742,세탁소,1
4743,출입,1
4744,파티,1
4745,성형,1
4746,처럼,1
4747,보르,1
4748,바흐,1
4749,포도주,1
4750,더치페이,1
4751,천제,1
4752,뒷모습,1
4753,전임,1
4754,연수,1
4755,남방,1
4756,세로,1
4757,낯선,1
4758,합승,1
4759,격투,1
4760,인연,1
4761,취미,1
4762,나제,1
4763,물증,1
4764,송산,1
4765,허리띠,1
4766,한복,1
4767,대중화,1
4768,참새,1
4769,맞이,1
4770,여가부,1
4771,강군몽,1
4772,재기,1
4773,볼링장,1
4774,흰개미,1
4775,위로,1
4776,신전,1
4777,속죄,1
4778,문과,1
4779,이십사절기,1
4780,음력,1
4781,양력,1
4782,공연장,1
4783,충남지사,1
4784,수행,1
4785,비서,1
4786,성폭행,1
4787,명운,1
4788,설상가상,1
4789,음란,1
4790,소가,1
4791,전인대,1
4792,입학식,1
4793,모양,1
4794,파랑새,1
4795,외상,1
4796,장애,1
4797,무방비,1
4798,새봄,1
4799,여지,1
4800,샘터,1
4801,중대,1
4802,노쇼,1
4803,보르도,1
4804,국어사전,1
4805,개정판,1
4806,고독,1
4807,터널,1
4808,수험생,1
4809,약초,1
4810,국무부,1
4811,아날로그,1
4812,조희연,1
4813,사망자,1
4814,출생,1
4815,핵폭탄,1
4816,초가삼간,1
4817,야행,1
4818,조창,1
4819,후세,1
4820,일전,1
4821,독립선언,1
4822,탄광,1
4823,카나리아,1
4824,케테,1
4825,콜비츠,1
4826,이월,1
4827,삼월,1
4828,가끔,1
4829,송영,1
4830,하니,1
4831,최소한,1
4832,기구,1
4833,난립,1
4834,목하,1
4835,체임벌린,1
4836,행동,1
4837,경험,1
4838,중국군,1
4839,유사시,1
4840,쏜다,1
4841,졸업식,1
4842,가마,1
4843,엄금,1
4844,남학생,1
4845,꽃다발,1
4846,여고생,1
4847,풍기,1
4848,퇴학,1
4849,일수,1
4850,구현,1
4851,성폭력,1
4852,황당,1
4853,세뇌,1
4854,차민규,1
4855,김장수,1
4856,야누스,1
4857,다양성,1
4858,선진국,1
4859,획득,1
4860,이장,1
4861,중요,1
4862,측은,1
4863,용의,1
4864,국빈,1
4865,평화로,1
4866,은메달,1
4867,안동,1
4868,고택,1
4869,노르웨이,1
4870,종합,1
4871,여정,1
4872,남매,1
4873,상금,1
4874,트로피,1
4875,아카데미,1
4876,갑산,1
4877,탈핵,1
4878,미소,1
4879,마더,1
4880,테레사,1
4881,동하,1
4882,고도,1
4883,추문,1
4884,문인,1
4885,도태,1
4886,오태석,1
4887,막상막하,1
4888,김기덕,1
4889,비주류,1
4890,모독,1
4891,능멸,1
4892,판박이,1
4893,성실,1
4894,장인,1
4895,원흉,1
4896,끝판,1
4897,폐막식,1
4898,테이블,1
4899,박찬,1
4900,동맹국,1
4901,타임머신,1
4902,앨리스,1
4903,루스벨트,1
4904,로맨스,1
4905,불륜,1
4906,명상,1
4907,미녀,1
4908,군단,1
4909,청마,1
4910,유치환,1
4911,연애편지,1
4912,정정당당,1
4913,기하학,1
4914,부수,1
4915,항공관제,1
4916,형편,1
4917,어가,1
4918,기득권,1
4919,순복음교회,1
4920,조계사,1
4921,빈틈,1
4922,싸이,1
4923,기존,1
4924,저변,1
4925,쇄도,1
4926,다방,1
4927,피신,1
4928,소피아,1
4929,하수,1
4930,퍼즐,1
4931,외래어,1
4932,달빛,1
4933,우여곡절,1
4934,바야돌리드,1
4935,욕망,1
4936,핸드백,1
4937,남한,1
4938,엉덩이,1
4939,닭고기,1
4940,스케이트,1
4941,부담,1
4942,몰염치,1
4943,도면,1
4944,관세,1
4945,우방,1
4946,타깃,1
4947,이유나,1
4948,사정,1
4949,타협,1
4950,윤성빈,1
4951,도처,1
4952,호주,1
4953,창틀,1
4954,월훈,1
4955,성취,1
4956,정작,1
4957,형평,1
4958,대원군,1
4959,못난이,1
4960,은진미륵,1
4961,이육사,1
4962,비취,1
4963,인장,1
4964,심판,1
4965,탄일,1
4966,안골,1
4967,시즌,1
4968,태극,1
4969,서양,1
4970,동문회,1
4971,재창,1
4972,위챗,1
4973,아이디어,1
4974,실행,1
4975,답신,1
4976,작태,1
4977,방앗간,1
4978,정육점,1
4979,베니스,1
4980,정수,1
4981,먹거리,1
4982,로컬,1
4983,무대,1
4984,키스트,1
4985,식별,1
4986,국립극장,1
4987,바가지,1
4988,밸런타인데이,1
4989,빙상,1
4990,사할린,1
4991,자치,1
4992,대적,1
4993,신중,1
4994,교섭,1
4995,중인,1
4996,윈도,1
4997,오영식,1
4998,이인제,1
4999,이철,1
5000,구들,1
5001,응원단,1
5002,기념품,1
5003,콘셉트,1
5004,인천공항,1
5005,보통,1
5006,빠르기,1
5007,경쟁력,1
5008,초반,1
5009,이건희,1
5010,두려움,1
5011,리셉션,1
5012,김영남,1
5013,미슐랭,1
5014,차려,1
5015,경쟁자,1
5016,임춘택,1
5017,서지현,1
5018,악수,1
5019,무관심,1
5020,특혜,1
5021,걸핏하면,1
5022,무료,1
5023,화천,1
5024,얼음,1
5025,교외선,1
5026,강릉,1
5027,만찬,1
5028,석궁,1
5029,과세,1
5030,일파,1
5031,확장,1
5032,판교,1
5033,밸리,1
5034,아르,1
5035,튀르,1
5036,랭보,1
5037,의족,1
5038,모과,1
5039,동력,1
5040,인용,1
5041,비번,1
5042,방남,1
5043,보국,1
5044,제시,1
5045,매뉴얼,1
5046,파프리카,1
5047,딸기,1
5048,총사,1
5049,할랄,1
5050,자꾸,1
5051,발자국,1
5052,잔칫집,1
5053,이재용,1
5054,범죄자,1
5055,청소,1
5056,수세미,1
5057,물컵,1
5058,특급,1
5059,만경봉,1
5060,배우자,1
5061,성격,1
5062,배회,1
5063,사이비,1
5064,주술,1
5065,오케이,1
5066,애시,1
5067,다프네,1
5068,임시정부,1
5069,이동녕,1
5070,추모식,1
5071,수질오염,1
5072,낚시,1
5073,납추,1
5074,육로,1
5075,만경봉호,1
5076,세브란스,1
5077,전파,1
5078,교조주의,1
5079,권인숙,1
5080,채찍,1
5081,자음,1
5082,클라인,1
5083,소강,1
5084,진출,1
5085,제압,1
5086,한판,1
5087,나본,1
5088,경제학자,1
5089,본색,1
5090,깃털,1
5091,과식,1
5092,스티븐,1
5093,밀러,1
5094,구체화,1
5095,목발,1
5096,다보스,1
5097,포럼,1
5098,청총,1
5099,솔선,1
5100,구실,1
5101,덕유산,1
5102,상고대,1
5103,지하,1
5104,주차장,1
5105,내정자,1
5106,군인,1
5107,피학증,1
5108,학증,1
5109,도그마,1
5110,영역,1
5111,호주오픈,1
5112,김관식,1
5113,월요일,1
5114,느낌,1
5115,전문점,1
5116,복무,1
5117,딩동댕,1
5118,스키,1
5119,선수단,1
5120,요리,1
5121,강간,1
5122,워크숍,1
5123,손발,1
5124,보류,1
5125,신안,1
5126,노다지,1
5127,장쩌민,1
5128,군부,1
5129,무기체계,1
5130,자웅,1
5131,손질,1
5132,정철,1
5133,버선,1
5134,여력,1
5135,신청서,1
5136,당적,1
5137,신드롬,1
5138,고국,1
5139,사마리아,1
5140,월식,1
5141,폐허,1
5142,루브르,1
5143,유명무실,1
5144,효행,1
5145,김지영,1
5146,정쟁,1
5147,거래소,1
5148,취약,1
5149,발바닥,1
5150,맨해튼,1
5151,노멀,1
5152,외할머니,1
5153,별세,1
5154,존엄사,1
5155,징기스칸,1
5156,마상,1
5157,의결,1
5158,공소장,1
5159,평면,1
5160,동향,1
5161,막장,1
5162,심정은,1
5163,체인,1
5164,유효,1
5165,김연아,1
5166,이영표,1
5167,구원,1
5168,손길,1
5169,베리아,1
5170,패스트푸드,1
5171,비속어,1
5172,힘자랑,1
5173,자본가,1
5174,특성,1
5175,답답,1
5176,모나,1
5177,썰매,1
5178,자매,1
5179,분리수거,1
5180,후뚱,1
5181,왕도,1
5182,납치,1
5183,헌재,1
5184,도장,1
5185,민원,1
5186,해결사,1
5187,불무,1
5188,포커,1
5189,후반기,1
5190,마식령스키장,1
5191,생방송,1
5192,실비,1
5193,라스,1
5194,가스,1
5195,오븐,1
5196,직선제,1
5197,존폐,1
5198,갈수록,1
5199,연말정산,1
5200,공제,1
5201,번개,1
5202,생색,1
5203,가능,1
5204,손상,1
5205,소각,1
5206,추종,1
5207,조코비치,1
5208,듯이,1
5209,하루하루,1
5210,합격자,1
5211,언론사,1
5212,문의,1
5213,아드님,1
5214,나치,1
5215,처형,1
5216,형평성,1
5217,배신자,1
5218,모리,1
5219,연주,1
5220,현악기,1
5221,튤립,1
5222,해프닝,1
5223,업적,1
5224,장면,1
5225,아이스하키팀,1
5226,처지,1
5227,말실수,1
5228,공법,1
5229,정반대,1
5230,빗속,1
5231,전시,1
5232,뱁새,1
5233,새끼,1
5234,공천,1
5235,서대문형무소,1
5236,마네킹,1
5237,찬물,1
5238,열정,1
5239,냉정,1
5240,성수동,1
5241,앤독,1
5242,주자학,1
5243,미륵불,1
5244,명칭,1
5245,큰일,1
5246,비엔날레,1
5247,반응,1
5248,잠수함,1
5249,박대,1
5250,금기,1
5251,정면,1
5252,위정척사파,1
5253,외로움,1
5254,불교,1
5255,선사,1
5256,유모차,1
5257,포대기,1
5258,수모,1
5259,래서야,1
5260,가기,1
5261,만원,1
5262,어민,1
5263,목포,1
5264,만화,1
5265,스키장,1
5266,조총련,1
5267,복수,1
5268,설움,1
5269,쌍미,1
5270,양상,1
5271,장래희망,1
5272,겸손,1
5273,해산물,1
5274,단칼,1
5275,싹둑,1
5276,석류,1
5277,천상병,1
5278,유고,1
5279,산행,1
5280,유아,1
5281,갈팡질팡,1
5282,수수료,1
5283,악단,1
5284,삼지연,1
5285,관현악단,1
5286,낳을,1
5287,정통부,1
5288,가나다순,1
5289,연두,1
5290,순시,1
5291,브리핑,1
5292,합숙,1
5293,겨울잠,1
5294,리커창,1
5295,누벼,1
5296,자국,1
5297,소아,1
5298,투석,1
5299,프레지던트,1
5300,자작나무,1
5301,뒤끝,1
5302,왕조,1
5303,온통,1
5304,화제,1
5305,폭락,1
5306,무협,1
5307,욕조,1
5308,리다,1
5309,고통,1
5310,한자,1
5311,요양원,1
5312,답변,1
5313,절연,1
5314,하와이,1
5315,경보,1
5316,환호,1
5317,스르,1
5318,무역수지,1
5319,황병서,1
5320,강아지,1
5321,너와집,1
5322,라면,1
5323,뻐꾸기,1
5324,신생아,1
5325,감염,1
5326,대리,1
5327,수술,1
5328,데이,1
5329,구덩이,1
5330,심플,1
5331,관여,1
5332,뒤집힌,1
5333,바게뜨,1
5334,드뇌브,1
5335,김자연,1
5336,패션,1
5337,라이프,1
5338,계좌,1
5339,조회,1
5340,고등어,1
5341,알레르기,1
5342,선호,1
5343,수포,1
5344,수주,1
5345,거저,1
5346,경포,1
5347,아이유,1
5348,꽃갈피,1
5349,고흐,1
5350,농부,1
5351,위안,1
5352,알바생,1
5353,평지풍파,1
5354,감격,1
5355,맞벌이,1
5356,사병,1
5357,소라,1
5358,토끼,1
5359,보충,1
5360,수류탄,1
5361,익사,1
5362,조양동,1
5363,도약,1
5364,공격기,1
5365,자주포,1
5366,견인,1
5367,제품,1
5368,방과후,1
5369,정원사,1
5370,파기,1
5371,김상곤,1
5372,토장,1
5373,신년,1
5374,교례회,1
5375,성적표,1
5376,버블,1
5377,세븐,1
5378,덕목,1
5379,속마음,1
5380,직통,1
5381,선화공주,1
5382,줄줄,1
5383,당국,1
5384,무력,1
5385,연초,1
5386,수술실,1
5387,위태롭다,1
5388,메카,1
5389,아부다비,1
5390,노병,1
5391,답방,1
5392,추구,1
5393,한국말,1
5394,착시,1
5395,고유,1
5396,피하,1
5397,려면,1
5398,비관,1
5399,개회,1
5400,세무,1
5401,탯줄,1
5402,바구니,1
5403,외교관,1
5404,오토바이,1
5405,호봉,1
5406,진은숙,1
5407,자모,1
5408,대해,1
5409,헨리,1
5410,데이비드,1
5411,소로,1
5412,숲속,1
5413,월든,1
5414,인구,1
5415,채널,1
5416,복구,1
5417,현충사,1
5418,지렛대,1
5419,소방,1
5420,주차,1
5421,미스,1
5422,수영복,1
5423,상관,1
5424,첫날,1
5425,징표,1
5426,계림로,1
5427,보검,1
5428,보은,1
5429,구심,1
5430,균열,1
5431,노리,1
5432,금붕어,1
5433,어항,1
5434,축지,1
5435,안개구름,1
5436,태양,1
5437,포자,1
5438,자녀,1
5439,둥이,1
5440,작심삼일,1
5441,강하,1
5442,재계,1
5443,견마최,1
5444,역사철학,1
5445,불빛,1
5446,설화,1
5447,영물,1
5448,백호,1
5449,반달곰,1
5450,인동,1
5451,뉴딜,1
5452,주간조선,1
5453,경호원,1
5454,우발,1
5455,훌쩍,1
5456,풍력,1
5457,개성,1
5458,공단,1
5459,시비,1
5460,방송통신,1
5461,일흔,1
5462,프랑스혁명,1
5463,강박증,1
5464,쇼통,1
