,단어명,빈도수
0,대통령,303
1,한국,241
2,킹,196
3,드루,195
4,후보,184
5,홍준표,147
6,특검,136
7,것,125
8,민주,116
9,민주당,115
10,국회,113
11,선거,104
12,이재명,102
13,김성태,99
14,안철수,92
15,평화,92
16,지방선거,91
17,정부,87
18,김경수,86
19,김기식,83
20,투표,81
21,회담,79
22,댓글,78
23,의원,77
24,수사,77
25,박원순,76
26,문,75
27,미래,74
28,전,73
29,여야,70
30,박근혜,67
31,국민,66
32,선언,64
33,북미,64
34,남북,62
35,안,61
36,명,61
37,김문수,59
38,총리,56
39,논란,55
40,김정은,55
41,검찰,54
42,조작,54
43,율,54
44,사퇴,53
45,선,53
46,의혹,52
47,출마,52
48,정상회담,51
49,정치,50
50,경찰,49
51,당,48
52,재판,47
53,첫,47
54,후,45
55,남북정상회담,44
56,등,43
57,보수,42
58,대표,42
59,위,41
60,지사,41
61,문재인,39
62,추미애,39
63,곳,39
64,서울,39
65,경남,38
66,트럼프,37
67,서울시장,37
68,사전투표,37
69,문제,36
70,국정,36
71,요구,36
72,일화,36
73,사건,36
74,개헌,36
75,추경,36
76,논의,35
77,대선,35
78,처리,35
79,때,34
80,한반도,34
81,당선,34
82,선관위,34
83,판문점,34
84,못,33
85,경제,33
86,더,33
87,조사,33
88,고발,33
89,불,33
90,원희룡,33
91,김부선,32
92,협상,32
93,내,31
94,차,31
95,정권,30
96,발언,30
97,청와대,29
98,합의,29
99,수,29
100,중,29
101,지지율,29
102,사실,29
103,표,29
104,공개,28
105,심,28
106,폭행,28
107,비핵화,28
108,시장,28
109,지원,28
110,성공,28
111,단식,28
112,재,27
113,정책,27
114,스캔들,27
115,결과,27
116,일자리,27
117,국회의원,27
118,공천,27
119,공약,27
120,징역,27
121,경선,27
122,제,26
123,회,26
124,시작,25
125,정의,25
126,유승민,25
127,실,25
128,오후,25
129,제주,25
130,남경필,25
131,최,25
132,또,25
133,정상,25
134,일,24
135,역사,24
136,당선자,24
137,중단,23
138,의,23
139,책임,23
140,우리,23
141,정상화,23
142,출장,23
143,야당,22
144,원내대표,22
145,발표,22
146,배,22
147,인사,22
148,말,22
149,듯,22
150,국정원,22
151,뇌물,22
152,혐의,22
153,계속,21
154,로,21
155,돈,21
156,체포,21
157,광주,21
158,여론조사,21
159,전략,21
160,본회의,21
161,안보,20
162,개월,20
163,위원장,20
164,입장,20
165,개,20
166,시민,20
167,사과,20
168,무산,20
169,북핵,20
170,개헌안,20
171,최저임금,19
172,자유,19
173,시,19
174,비,19
175,이명박,19
176,농단,19
177,오늘,19
178,민생,19
179,부산,19
180,사람,19
181,반대,19
182,선고,19
183,다시,19
184,군수,19
185,승리,19
186,인천,19
187,단체,19
188,위해,19
189,교육감,19
190,공세,19
191,출석,19
192,추진,18
193,회의,18
194,혁신,18
195,취소,18
196,준비,18
197,비서,18
198,진실,18
199,며,18
200,번,18
201,확인,18
202,기관,18
203,수용,18
204,재보선,18
205,현재,18
206,폐기,18
207,여사,18
208,예비,18
209,우원식,18
210,촉구,17
211,개혁,17
212,홍영표,17
213,가능,17
214,비판,17
215,새,17
216,확정,17
217,초,17
218,정의당,17
219,협력,17
220,수사권,17
221,이번,17
222,처벌,17
223,소득,17
224,체제,17
225,북,17
226,무소속,17
227,돌파,17
228,단독,17
229,김태호,17
230,막판,17
231,노무현,17
232,확대,17
233,유세,17
234,청원,17
235,외교,17
236,주,16
237,돌입,16
238,정,16
239,방안,16
240,기대,16
241,송인,16
242,모두,16
243,선택,16
244,한미,16
245,손학규,16
246,당선인,16
247,관련,16
248,집중,16
249,달라,16
250,역대,16
251,텃밭,16
252,대응,16
253,미군,16
254,세월호,16
255,유죄,16
256,경호,16
257,예정,15
258,대책,15
259,구성,15
260,해외,15
261,김,15
262,대위,15
263,도전,15
264,전남,15
265,법,15
266,민심,15
267,최고,15
268,친박,15
269,최대,15
270,방문,15
271,가능성,15
272,탈당,15
273,지지,15
274,북한,15
275,압승,15
276,거부,15
277,헌법,15
278,개입,15
279,결정,15
280,삼성,15
281,대화,15
282,청탁,15
283,김종필,14
284,법정,14
285,주장,14
286,일정,14
287,해,14
288,도부,14
289,실패,14
290,마지막,14
291,관,14
292,길,14
293,힘,14
294,뉴스,14
295,청산,14
296,검토,14
297,경기,14
298,해명,14
299,방,14
300,의안,14
301,표심,14
302,대구,14
303,확실,14
304,제안,14
305,판단,14
306,조정,13
307,단,13
308,공항,13
309,본격,13
310,시대,13
311,부인,13
312,진보,13
313,론,13
314,추서,13
315,보도,13
316,장관,13
317,나,13
318,권력,13
319,속,13
320,건,13
321,물,13
322,추가,13
323,과거,13
324,위반,13
325,참패,13
326,공무원,13
327,직,13
328,충남지사,13
329,해결,13
330,나라,13
331,이후,13
332,광주시,13
333,권영진,13
334,이행,13
335,임,13
336,취임,13
337,보이콧,13
338,행사,13
339,규명,13
340,법원,13
341,특검법,13
342,기소,13
343,다음,12
344,예고,12
345,단축,12
346,방탄,12
347,평가,12
348,쟁점,12
349,달,12
350,수도,12
351,날,12
352,보고,12
353,당권,12
354,여배우,12
355,요청,12
356,의결,12
357,주민,12
358,치,12
359,지역,12
360,심판,12
361,양승조,12
362,분석,12
363,유권자,12
364,동시,12
365,여부,12
366,왜,12
367,예상,12
368,결단,12
369,송파,12
370,추천,12
371,강요,12
372,구속영장,12
373,핵실험,12
374,표명,11
375,관계,11
376,재산,11
377,석,11
378,나선,11
379,규제,11
380,권성동,11
381,포기,11
382,미국,11
383,발의,11
384,병원,11
385,범,11
386,박지원,11
387,잡기,11
388,직접,11
389,간,11
390,정미,11
391,훈장,11
392,재선,11
393,시간,11
394,이유,11
395,예산,11
396,하락,11
397,나경원,11
398,지방,11
399,필요,11
400,경북,11
401,이,11
402,협의,11
403,오,11
404,조치,11
405,정당,11
406,선거운동,11
407,공작,11
408,막말,11
409,과,11
410,쇼,11
411,주도,11
412,포함,11
413,특활비,11
414,야권,11
415,광역,11
416,진행,11
417,도,11
418,노력,11
419,철회,11
420,의원직,11
421,욕설,11
422,생각,11
423,이인제,11
424,범위,11
425,부정,11
426,참석,11
427,생중계,11
428,보좌,11
429,여성,10
430,기간,10
431,홍문종,10
432,구속,10
433,성장,10
434,반발,10
435,전두환,10
436,하나,10
437,철수,10
438,층,10
439,이완구,10
440,인정,10
441,그,10
442,검,10
443,누구,10
444,싸움,10
445,폼페이,10
446,견제,10
447,향,10
448,은,10
449,임종석,10
450,자금,10
451,이부,10
452,망,10
453,가장,10
454,남,10
455,강남,10
456,바람,10
457,기초단체장,10
458,대결,10
459,감,10
460,행위,10
461,불법,10
462,천안,10
463,오거돈,10
464,점,10
465,겨냥,10
466,앞,10
467,대북,10
468,전격,10
469,오전,10
470,끝,10
471,적폐,10
472,직권남용,10
473,금지,10
474,설,10
475,패싱,10
476,반응,10
477,을,10
478,기념,10
479,중재,10
480,미세먼지,10
481,공식,10
482,적,10
483,의지,10
484,등록,10
485,문정인,10
486,지시,10
487,피감,10
488,재개,9
489,탁현민,9
490,안희정,9
491,이틀,9
492,입법,9
493,법안,9
494,정치권,9
495,중앙,9
496,삶,9
497,홍,9
498,기,9
499,결의,9
500,임명,9
501,창,9
502,환영,9
503,노회찬,9
504,내일,9
505,현실,9
506,탓,9
507,교체,9
508,원세훈,9
509,해체,9
510,박영선,9
511,다른,9
512,변수,9
513,충청,9
514,국가,9
515,속보,9
516,역할,9
517,총선,9
518,소환,9
519,손,9
520,자,9
521,주말,9
522,효과,9
523,최소,9
524,출신,9
525,충남,9
526,캠프,9
527,투쟁,9
528,종전,9
529,보,9
530,박주선,9
531,교육,9
532,이용섭,9
533,대구시,9
534,대한민국,9
535,사용,9
536,부산시,9
537,평양,9
538,옥중,9
539,이슈,9
540,외,9
541,취재,9
542,증거,9
543,익범,9
544,뒤,9
545,첫날,9
546,자제,9
547,산입,9
548,위증,9
549,최선,9
550,개정,9
551,연루,9
552,진상,9
553,염동열,9
554,부결,9
555,의심,9
556,은수미,9
557,위법,9
558,이희호,9
559,국민투표법,9
560,부부,8
561,근로시간,8
562,글,8
563,연기,8
564,도입,8
565,최초,8
566,부,8
567,경고,8
568,속도,8
569,병,8
570,변화,8
571,계획,8
572,이상,8
573,중요,8
574,목소리,8
575,주목,8
576,판,8
577,개정안,8
578,성과,8
579,강연재,8
580,제대로,8
581,보훈,8
582,거래,8
583,수석,8
584,전쟁,8
585,선출,8
586,조문,8
587,빈소,8
588,뜻,8
589,공동,8
590,개최,8
591,분,8
592,이낙연,8
593,통합,8
594,김무성,8
595,여당,8
596,차단,8
597,대상,8
598,노,8
599,종료,8
600,전달,8
601,찬성,8
602,정계,8
603,정청,8
604,진전,8
605,우려,8
606,사진,8
607,비난,8
608,일상,8
609,경쟁,8
610,독주,8
611,강원,8
612,전시장,8
613,최종,8
614,접전,8
615,좀,8
616,싹,8
617,개표,8
618,정면,8
619,방송,8
620,배현진,8
621,용지,8
622,모든,8
623,시정,8
624,급,8
625,호소,8
626,싱가포르,8
627,오찬,8
628,세력,8
629,통,8
630,허위,8
631,총력,8
632,왜곡,8
633,역,8
634,착수,8
635,여론조작,8
636,후원,8
637,운명,8
638,심상정,8
639,하태경,8
640,정세균,8
641,상승,8
642,응,8
643,파행,8
644,기사,8
645,통일,8
646,포털,8
647,만찬,8
648,질의,8
649,외유,8
650,양보,8
651,강행,7
652,정국,7
653,이제,7
654,언급,7
655,주기,7
656,위기,7
657,도지사,7
658,박,7
659,답,7
660,무사,7
661,핵심,7
662,거짓,7
663,석방,7
664,탄력,7
665,땅,7
666,두,7
667,팀,7
668,불참,7
669,전환,7
670,세,7
671,별세,7
672,정신,7
673,당원,7
674,충돌,7
675,이름,7
676,갈등,7
677,고민,7
678,과정,7
679,변호사,7
680,친문,7
681,폐지,7
682,산업,7
683,우상호,7
684,개선,7
685,이준석,7
686,영향,7
687,언론,7
688,인권,7
689,가동,7
690,매크로,7
691,전망,7
692,출범,7
693,압박,7
694,원금,7
695,톡톡,7
696,서병수,7
697,알,7
698,어디,7
699,전국,7
700,충북지사,7
701,허태정,7
702,충북,7
703,검증,7
704,승부,7
705,방향,7
706,강화,7
707,누가,7
708,구,7
709,광역단체장,7
710,최재성,7
711,귀환,7
712,입,7
713,기회,7
714,하라,7
715,수도권,7
716,강경,7
717,김씨,7
718,서로,7
719,간담,7
720,업무,7
721,정태옥,7
722,가세,7
723,동행,7
724,네거티브,7
725,곧,7
726,시도,7
727,파일,7
728,비리,7
729,조명,7
730,셀프,7
731,교사,7
732,소집,7
733,공판,7
734,때문,7
735,공격,7
736,정우택,7
737,채용,7
738,끝내,7
739,보장,7
740,청구,7
741,사직서,7
742,제출,7
743,명예훼손,7
744,희망,7
745,지지도,7
746,지난주,7
747,불복,7
748,파리,7
749,공모,7
750,빨갱이,7
751,강길부,7
752,평화협정,7
753,무관,7
754,임시국회,7
755,반전,6
756,회복,6
757,옷,6
758,작업,6
759,위원,6
760,경,6
761,인물,6
762,건강,6
763,처음,6
764,악화,6
765,신청,6
766,가족,6
767,곁,6
768,심사,6
769,공소,6
770,김동철,6
771,연일,6
772,공직자,6
773,개편,6
774,기획,6
775,시계,6
776,배후,6
777,계,6
778,중진,6
779,이철우,6
780,금,6
781,욕,6
782,서거,6
783,의총,6
784,재정,6
785,의문,6
786,주자,6
787,행보,6
788,과제,6
789,마련,6
790,신속,6
791,분위기,6
792,목표,6
793,공유,6
794,장,6
795,터,6
796,다스,6
797,공지영,6
798,정황,6
799,압수수색,6
800,결심,6
801,조직,6
802,이용,6
803,반성,6
804,약속,6
805,김현주,6
806,감사,6
807,구형,6
808,호남,6
809,확산,6
810,부상,6
811,메시지,6
812,질문,6
813,핵,6
814,승,6
815,여유,6
816,출구조사,6
817,볼턴,6
818,선거법,6
819,온라인,6
820,참여,6
821,촬영,6
822,지금,6
823,사고,6
824,꼭,6
825,폭풍,6
826,대림,6
827,막바지,6
828,운영,6
829,여론,6
830,가짜,6
831,거짓말,6
832,공표,6
833,간다,6
834,다짐,6
835,센터,6
836,백악관,6
837,제기,6
838,조배숙,6
839,실체,6
840,차량,6
841,건설,6
842,균,6
843,대치,6
844,성추행,6
845,결론,6
846,상황,6
847,안전,6
848,네이버,6
849,반드시,6
850,해임,6
851,꼼수,6
852,시사,6
853,활동,6
854,유감,6
855,쓰레기,6
856,김정숙,6
857,진통,6
858,접촉,6
859,범죄,6
860,결렬,6
861,손석희,6
862,종합,6
863,중대,6
864,조원진,6
865,유성,6
866,무죄,6
867,피랍,6
868,김부겸,5
869,거취,5
870,복귀,5
871,사의,5
872,긍정,5
873,감사원,5
874,울,5
875,발,5
876,정쟁,5
877,꿈,5
878,비대,5
879,긴급,5
880,원칙,5
881,조속,5
882,행,5
883,여권,5
884,무시,5
885,신화,5
886,사법,5
887,부여,5
888,영장,5
889,외부,5
890,김영환,5
891,불가피,5
892,주의,5
893,채,5
894,출발,5
895,계파,5
896,대립,5
897,반영,5
898,고소,5
899,강,5
900,기억,5
901,현장,5
902,메모,5
903,무궁화,5
904,실세,5
905,존중,5
906,번영,5
907,지난,5
908,차원,5
909,내년,5
910,세계,5
911,하반기,5
912,이자,5
913,키즈,5
914,사후,5
915,국무회의,5
916,회장,5
917,자체,5
918,국무총리,5
919,전대,5
920,자리,5
921,지휘,5
922,권한,5
923,인터뷰,5
924,중심,5
925,완료,5
926,비용,5
927,방북,5
928,의미,5
929,유예,5
930,수립,5
931,은퇴,5
932,고용,5
933,각,5
934,완전,5
935,마음,5
936,토론,5
937,판결,5
938,지선,5
939,대권,5
940,오해,5
941,도정,5
942,유정복,5
943,조롱,5
944,내부,5
945,경기도,5
946,기자,5
947,위장,5
948,박종진,5
949,갑,5
950,기초,5
951,차기,5
952,적극,5
953,시기,5
954,참배,5
955,항소심,5
956,재건축,5
957,영남,5
958,김영록,5
959,전남지사,5
960,실현,5
961,이시종,5
962,박남춘,5
963,최문순,5
964,구상,5
965,세상,5
966,성적표,5
967,도민,5
968,돌풍,5
969,지적,5
970,해제,5
971,절대,5
972,호,5
973,분노,5
974,입증,5
975,오른,5
976,권,5
977,초반,5
978,유력,5
979,울산,5
980,서도,5
981,의식,5
982,사상,5
983,몰락,5
984,눈물,5
985,혜경궁,5
986,우세,5
987,무,5
988,군,5
989,긴장,5
990,윤곽,5
991,방법,5
992,부동,5
993,직원,5
994,확보,5
995,도시,5
996,만남,5
997,역전,5
998,통화,5
999,전문,5
1000,대전,5
1001,조성,5
1002,민주주의,5
1003,상대,5
1004,임기,5
1005,초청,5
1006,의사,5
1007,진화,5
1008,지속,5
1009,감옥,5
1010,현충일,5
1011,정치자금,5
1012,외면,5
1013,자신,5
1014,일부,5
1015,자료,5
1016,환수,5
1017,경전,5
1018,탈북,5
1019,개인,5
1020,보완,5
1021,음성,5
1022,사령관,5
1023,사찰,5
1024,횡령,5
1025,고위,5
1026,강원랜드,5
1027,모습,5
1028,통과,5
1029,제한,5
1030,현안,5
1031,김영철,5
1032,정의용,5
1033,계리,5
1034,불발,5
1035,라며,5
1036,동맹,5
1037,표결,5
1038,의무,5
1039,직무,5
1040,납품,5
1041,진술,5
1042,김유찬,5
1043,한미정상회담,5
1044,한미정상,5
1045,대한,5
1046,특혜,5
1047,성폭행,5
1048,법적,5
1049,중도,5
1050,국회의장,5
1051,농성,5
1052,설치,5
1053,집,5
1054,주년,5
1055,아웃,5
1056,링크,5
1057,살포,5
1058,난,5
1059,항소,5
1060,김일성,5
1061,불가,5
1062,이재용,5
1063,비공개,5
1064,김여정,5
1065,동결,5
1066,체결,5
1067,리허설,5
1068,금감원,5
1069,사태,5
1070,재활용,5
1071,김윤옥,5
1072,중형,5
1073,전당대회,4
1074,태풍,4
1075,취임식,4
1076,대비,4
1077,사표,4
1078,침묵,4
1079,내기,4
1080,훈련,4
1081,노동,4
1082,거듭,4
1083,정말,4
1084,고려,4
1085,압축,4
1086,감동,4
1087,예멘,4
1088,난민,4
1089,내달,4
1090,김관영,4
1091,안상수,4
1092,극적,4
1093,고향,4
1094,좌,4
1095,불안,4
1096,허리,4
1097,연정,4
1098,양승태,4
1099,정무,4
1100,부진,4
1101,초읽기,4
1102,밀회,4
1103,조기,4
1104,논,4
1105,파견,4
1106,위로,4
1107,용,4
1108,방침,4
1109,수정,4
1110,퇴장,4
1111,미달,4
1112,풀,4
1113,러시아,4
1114,아들,4
1115,귀국,4
1116,합치,4
1117,인자,4
1118,정치인,4
1119,무대,4
1120,퇴,4
1121,거론,4
1122,입당,4
1123,김진태,4
1124,인적,4
1125,완성,4
1126,수습,4
1127,종결,4
1128,집유,4
1129,쇄신,4
1130,인수위,4
1131,수리,4
1132,경호처,4
1133,검경,4
1134,정착,4
1135,정체,4
1136,관건,4
1137,조국,4
1138,신중,4
1139,철,4
1140,구축,4
1141,구체,4
1142,공감,4
1143,실천,4
1144,영상,4
1145,탈,4
1146,이념,4
1147,주진우,4
1148,사연,4
1149,질,4
1150,리더십,4
1151,방해,4
1152,페이스북,4
1153,내각,4
1154,현수막,4
1155,난무,4
1156,진,4
1157,기록,4
1158,도의,4
1159,상납,4
1160,의회,4
1161,장악,4
1162,평창,4
1163,송하진,4
1164,복지,4
1165,행정,4
1166,만,4
1167,고심,4
1168,벽,4
1169,현직,4
1170,제재,4
1171,박빙,4
1172,확신,4
1173,적발,4
1174,석권,4
1175,부응,4
1176,표차,4
1177,확,4
1178,평균,4
1179,여의도,4
1180,네,4
1181,실질,4
1182,교류,4
1183,웃음,4
1184,가나,4
1185,당혹,4
1186,죄송,4
1187,중인,4
1188,바로,4
1189,아내,4
1190,주재,4
1191,후속,4
1192,유지,4
1193,마무리,4
1194,독려,4
1195,재보궐,4
1196,후보자,4
1197,훼손,4
1198,인증샷,4
1199,밤,4
1200,최저,4
1201,선전,4
1202,박선영,4
1203,올인,4
1204,사죄,4
1205,검사,4
1206,청년,4
1207,배신,4
1208,당사자,4
1209,심장,4
1210,인식,4
1211,대변인,4
1212,시위,4
1213,사전,4
1214,아베,4
1215,실제,4
1216,해당,4
1217,정도,4
1218,점검,4
1219,덕,4
1220,변호인,4
1221,설전,4
1222,파면,4
1223,청장,4
1224,율동,4
1225,애국,4
1226,격차,4
1227,인,4
1228,투기,4
1229,접근,4
1230,공략,4
1231,맹공,4
1232,하루,4
1233,자세,4
1234,정혁,4
1235,골절,4
1236,격전,4
1237,카드,4
1238,민병두,4
1239,온도,4
1240,생활,4
1241,무상급식,4
1242,프레임,4
1243,혁명,4
1244,흑색선전,4
1245,죽음,4
1246,리턴,4
1247,매치,4
1248,장기,4
1249,동의,4
1250,준,4
1251,환경,4
1252,낼,4
1253,정청래,4
1254,조건,4
1255,만난,4
1256,자살,4
1257,완화,4
1258,절차,4
1259,가야,4
1260,제로,4
1261,처,4
1262,부적절,4
1263,서훈,4
1264,무능,4
1265,참사,4
1266,원장,4
1267,조율,4
1268,차장,4
1269,볼,4
1270,가입,4
1271,송구,4
1272,재선거,4
1273,논평,4
1274,당론,4
1275,채택,4
1276,탈락,4
1277,유기,4
1278,남재준,4
1279,폭언,4
1280,국조,4
1281,공범,4
1282,피고인,4
1283,허용,4
1284,한중일,4
1285,투자,4
1286,올해,4
1287,호흡,4
1288,구본무,4
1289,선물,4
1290,봇물,4
1291,전직,4
1292,동료,4
1293,성역,4
1294,추경안,4
1295,딸,4
1296,사장,4
1297,총영사,4
1298,제공,4
1299,세비,4
1300,상실,4
1301,모드,4
1302,이송,4
1303,소송,4
1304,미흡,4
1305,민간,4
1306,봄,4
1307,실장,4
1308,기준,4
1309,핫라인,4
1310,사하라,4
1311,참고인,4
1312,국,4
1313,내용,4
1314,선원,4
1315,중계,4
1316,합동,4
1317,파전,4
1318,동반,4
1319,협조,4
1320,세로,4
1321,혼란,4
1322,증권,4
1323,인턴,4
1324,안종범,4
1325,수첩,4
1326,벌금,4
1327,재단,4
1328,사랑,3
1329,몸살,3
1330,재난,3
1331,인상,3
1332,실정,3
1333,행정관,3
1334,그냥,3
1335,선임,3
1336,연합,3
1337,무기한,3
1338,변동,3
1339,가덕도,3
1340,비박,3
1341,근로,3
1342,충격,3
1343,발탁,3
1344,작태,3
1345,박정희,3
1346,선정,3
1347,노골,3
1348,발끈,3
1349,눈높이,3
1350,돌연,3
1351,막,3
1352,묘,3
1353,영,3
1354,술,3
1355,시효,3
1356,법률,3
1357,통증,3
1358,모델,3
1359,민족,3
1360,별,3
1361,몫,3
1362,토론회,3
1363,신고,3
1364,개각,3
1365,홍보,3
1366,봉하,3
1367,원,3
1368,하자,3
1369,구해,3
1370,토대,3
1371,주역,3
1372,찬반,3
1373,이인규,3
1374,두렁,3
1375,사흘,3
1376,통해,3
1377,아주,3
1378,학생,3
1379,경제정책,3
1380,재건,3
1381,한번,3
1382,자격,3
1383,꼴찌,3
1384,대사,3
1385,미리,3
1386,앙금,3
1387,킹메이커,3
1388,좌우,3
1389,개념,3
1390,마치,3
1391,묘지,3
1392,추도,3
1393,공조,3
1394,파격,3
1395,권리,3
1396,당부,3
1397,팔,3
1398,사정,3
1399,박근혜정부,3
1400,목,3
1401,정안,3
1402,배치,3
1403,통제,3
1404,장치,3
1405,타협,3
1406,북부,3
1407,언제,3
1408,드론,3
1409,산,3
1410,합,3
1411,물밑,3
1412,교통,3
1413,동력,3
1414,남용,3
1415,역량,3
1416,집결,3
1417,부서,3
1418,수순,3
1419,노조,3
1420,서청원,3
1421,복심,3
1422,제도,3
1423,청,3
1424,엄중,3
1425,시선,3
1426,러,3
1427,제시,3
1428,노동시간,3
1429,및,3
1430,고백,3
1431,공존,3
1432,피해,3
1433,가치,3
1434,칭찬,3
1435,축소,3
1436,명칭,3
1437,변경,3
1438,후회,3
1439,소,3
1440,과태료,3
1441,민정,3
1442,관계자,3
1443,나와라,3
1444,개점휴업,3
1445,조만간,3
1446,양심,3
1447,실어,3
1448,간부,3
1449,탄핵,3
1450,신호,3
1451,폭,3
1452,리,3
1453,국정원장,3
1454,게,3
1455,서울시,3
1456,철옹성,3
1457,독점,3
1458,도약,3
1459,이춘희,3
1460,세종시,3
1461,깃발,3
1462,쇼크,3
1463,성찰,3
1464,한국인,3
1465,득표율,3
1466,기초의회,3
1467,상생,3
1468,배지,3
1469,예의,3
1470,도움,3
1471,피,3
1472,일당,3
1473,열망,3
1474,세론,3
1475,먼저,3
1476,약진,3
1477,예,3
1478,집권,3
1479,달인,3
1480,대부분,3
1481,수장,3
1482,드라마,3
1483,악재,3
1484,원동력,3
1485,마,3
1486,간판,3
1487,아침,3
1488,패,3
1489,예측,3
1490,잠,3
1491,벌써,3
1492,입건,3
1493,진흙탕,3
1494,포인트,3
1495,압도,3
1496,항의,3
1497,유,3
1498,전체,3
1499,구치소,3
1500,촉각,3
1501,관리,3
1502,국민투표,3
1503,등장,3
1504,김어준,3
1505,현상금,3
1506,저항,3
1507,거,3
1508,진짜,3
1509,승자,3
1510,불꽃,3
1511,총력전,3
1512,기승,3
1513,스타,3
1514,냉전,3
1515,발목,3
1516,흐름,3
1517,여,3
1518,결집,3
1519,단장,3
1520,크게,3
1521,주력,3
1522,이혼,3
1523,난타,3
1524,모욕,3
1525,도나,3
1526,큰절,3
1527,시점,3
1528,새벽,3
1529,머리,3
1530,남성,3
1531,휴일,3
1532,민주화,3
1533,창원,3
1534,적임,3
1535,확성기,3
1536,파탄,3
1537,아이,3
1538,부천,3
1539,즉석,3
1540,조준,3
1541,형수,3
1542,기자회견,3
1543,주시,3
1544,동영상,3
1545,근거,3
1546,연락,3
1547,임명장,3
1548,유튜브,3
1549,반복,3
1550,엄정,3
1551,김동연,3
1552,바보,3
1553,은폐,3
1554,위험,3
1555,전문가,3
1556,선두,3
1557,사활,3
1558,희생,3
1559,남북관계,3
1560,붕괴,3
1561,화법,3
1562,여지,3
1563,수행,3
1564,이해,3
1565,질주,3
1566,법령,3
1567,단일,3
1568,고,3
1569,공매도,3
1570,부동산,3
1571,공포,3
1572,단속,3
1573,교섭단체,3
1574,철저,3
1575,밀착,3
1576,강세,3
1577,초점,3
1578,의뢰,3
1579,꼬리뼈,3
1580,강조,3
1581,종업원,3
1582,진주,3
1583,굿판,3
1584,무드,3
1585,시호,3
1586,책,3
1587,격돌,3
1588,형사,3
1589,여직원,3
1590,극복,3
1591,외교부,3
1592,패션,3
1593,경찰청장,3
1594,특권,3
1595,김용,3
1596,무슨,3
1597,성사,3
1598,폐쇄,3
1599,주인,3
1600,의제,3
1601,수준,3
1602,태,3
1603,영호,3
1604,연구원,3
1605,공사,3
1606,누리꾼,3
1607,저,3
1608,매우,3
1609,판매,3
1610,임시,3
1611,냉면,3
1612,창원시,3
1613,거절,3
1614,추대,3
1615,필승,3
1616,타결,3
1617,다해,3
1618,전면,3
1619,고리,3
1620,시절,3
1621,릴레이,3
1622,친,3
1623,곤혹,3
1624,인방,3
1625,해양,3
1626,여전,3
1627,맹,3
1628,땐,3
1629,교환,3
1630,사기,3
1631,내곡동,3
1632,회원,3
1633,편지,3
1634,반기문,3
1635,트,3
1636,당적,3
1637,심의,3
1638,이견,3
1639,단가,3
1640,온,3
1641,메인,3
1642,가해자,3
1643,총장,3
1644,금품,3
1645,선처,3
1646,영향력,3
1647,반납,3
1648,성폭력,3
1649,구도,3
1650,용납,3
1651,수익,3
1652,사단,3
1653,수상,3
1654,조폭,3
1655,저지,3
1656,가을,3
1657,혈투,3
1658,줄줄이,3
1659,강력,3
1660,최근,3
1661,낙마,3
1662,눈길,3
1663,추적,3
1664,곤란,3
1665,표시,3
1666,전수,3
1667,꼴,3
1668,사직,3
1669,게이트,3
1670,김태흠,3
1671,연봉,3
1672,시급,3
1673,전단,3
1674,화해,3
1675,사회,3
1676,후송,3
1677,폄훼,3
1678,워싱턴,3
1679,가속,3
1680,매체,3
1681,법정공방,3
1682,개시,3
1683,존경,3
1684,협공,3
1685,윤장현,3
1686,차관,3
1687,도올,3
1688,후배,3
1689,눈,3
1690,의도,3
1691,경력,3
1692,팔이,3
1693,도보,3
1694,다리,3
1695,정봉주,3
1696,열차,3
1697,전해철,3
1698,토론토,3
1699,돌진,3
1700,줄,3
1701,사무,3
1702,출입,3
1703,분수령,3
1704,대진표,3
1705,노출,3
1706,트위터,3
1707,불이익,3
1708,의례,3
1709,결선,3
1710,경인선,3
1711,계정,3
1712,오사카,3
1713,공전,3
1714,보복,3
1715,마케팅,3
1716,사면초가,3
1717,임시정부,3
1718,독회,3
1719,대란,3
1720,블랙리스트,3
1721,이시형,3
1722,현,3
1723,손명순,3
1724,올드보이,3
1725,겨울,2
1726,북상,2
1727,생략,2
1728,우선,2
1729,곧바로,2
1730,민경욱,2
1731,연평해전,2
1732,차이,2
1733,시설,2
1734,동남권,2
1735,제동,2
1736,감기,2
1737,연가,2
1738,연대,2
1739,설득,2
1740,대로,2
1741,대첩,2
1742,월드컵,2
1743,제주도,2
1744,상식,2
1745,내주,2
1746,풍운아,2
1747,식사,2
1748,끼,2
1749,용기,2
1750,폐,2
1751,움직임,2
1752,유발,2
1753,식수,2
1754,역행,2
1755,부대,2
1756,이종배,2
1757,치료,2
1758,무고,2
1759,사법부,2
1760,무력,2
1761,결식,2
1762,엄수,2
1763,법치,2
1764,하드디스크,2
1765,상태,2
1766,윤종원,2
1767,정태호,2
1768,용선,2
1769,시민사회,2
1770,드라이브,2
1771,규모,2
1772,중폭,2
1773,라인,2
1774,대국민,2
1775,소통,2
1776,그날,2
1777,본인,2
1778,갑론,2
1779,당일,2
1780,김태년,2
1781,이산가족,2
1782,상봉,2
1783,상,2
1784,건물,2
1785,참전용사,2
1786,세운,2
1787,기여,2
1788,문화,2
1789,죄인,2
1790,해프닝,2
1791,공백,2
1792,당장,2
1793,투어,2
1794,파간,2
1795,극한,2
1796,각계,2
1797,유족,2
1798,면적,2
1799,헌신,2
1800,보답,2
1801,시인,2
1802,작품,2
1803,기금,2
1804,대폭,2
1805,증액,2
1806,나은,2
1807,증가,2
1808,즉각,2
1809,여러분,2
1810,시동,2
1811,상임,2
1812,배분,2
1813,수족,2
1814,족적,2
1815,주인공,2
1816,정적,2
1817,행렬,2
1818,독재,2
1819,국빈,2
1820,의장,2
1821,멕시코,2
1822,위원회,2
1823,기류,2
1824,어록,2
1825,그림자,2
1826,추모,2
1827,지자체,2
1828,대답,2
1829,정치사,2
1830,애도,2
1831,마감,2
1832,포토,2
1833,활,2
1834,악성,2
1835,야외,2
1836,임진각,2
1837,집안,2
1838,생명,2
1839,박성,2
1840,윤리,2
1841,장사,2
1842,은행,2
1843,계해,2
1844,박차,2
1845,원점,2
1846,안민석,2
1847,김재원,2
1848,타,2
1849,자치,2
1850,최상,2
1851,사개특위,2
1852,험로,2
1853,다툼,2
1854,정병국,2
1855,인격,2
1856,실무,2
1857,정두언,2
1858,개업,2
1859,변협,2
1860,접견,2
1861,체,2
1862,정리,2
1863,소망,2
1864,시행,2
1865,상호,2
1866,법무,2
1867,팽팽,2
1868,적십자,2
1869,공방전,2
1870,이상돈,2
1871,한계,2
1872,전교조,2
1873,지나,2
1874,향방,2
1875,철도,2
1876,푸틴,2
1877,체감,2
1878,무니,2
1879,책임감,2
1880,두기,2
1881,월간,2
1882,외압,2
1883,파악,2
1884,지급,2
1885,공인,2
1886,자만,2
1887,벽보,2
1888,응원,2
1889,연설,2
1890,당시,2
1891,대해,2
1892,설립,2
1893,포착,2
1894,인재,2
1895,표류,2
1896,브리핑,2
1897,들것,2
1898,보호,2
1899,진로,2
1900,당신,2
1901,인신공격,2
1902,마비,2
1903,가면,2
1904,성문,2
1905,감찰,2
1906,악역,2
1907,낙선,2
1908,구태,2
1909,포럼,2
1910,수렁,2
1911,해법,2
1912,회초리,2
1913,자율성,2
1914,기밀,2
1915,이재,2
1916,유엔,2
1917,수령,2
1918,피의자,2
1919,피해자,2
1920,옹호,2
1921,신설,2
1922,현충원,2
1923,순간,2
1924,영광,2
1925,이색,2
1926,완수,2
1927,보기,2
1928,권수정,2
1929,형량,2
1930,장세용,2
1931,분야,2
1932,발전,2
1933,비례대표,2
1934,조은희,2
1935,서초구청장,2
1936,살기,2
1937,특별시,2
1938,열,2
1939,강원도,2
1940,김천,2
1941,미소,2
1942,궤멸,2
1943,신뢰,2
1944,하나요,2
1945,회피,2
1946,의당,2
1947,청주시,2
1948,불변,2
1949,명령,2
1950,뿐,2
1951,대신,2
1952,갈이,2
1953,축하,2
1954,타고,2
1955,서해,2
1956,구미,2
1957,엎치락뒤치락,2
1958,무더기,2
1959,졸,2
1960,권익위,2
1961,면제,2
1962,일치,2
1963,이변,2
1964,시민단체,2
1965,진정,2
1966,빚,2
1967,불패,2
1968,천안시장,2
1969,번지,2
1970,전북도지사,2
1971,종지부,2
1972,송철호,2
1973,각종,2
1974,안양시장,2
1975,인생,2
1976,소감,2
1977,샤이,2
1978,조희연,2
1979,실시,2
1980,기존,2
1981,안해,2
1982,전성,2
1983,함박,2
1984,강도,2
1985,소신,2
1986,지각,2
1987,전북,2
1988,일꾼,2
1989,밤샘,2
1990,소임,2
1991,잠정,2
1992,승복,2
1993,배출,2
1994,깊이,2
1995,수감,2
1996,설욕,2
1997,소환조사,2
1998,두번째,2
1999,공언,2
2000,강구,2
2001,셈법,2
2002,관전,2
2003,석수,2
2004,기표,2
2005,소동,2
2006,갖가지,2
2007,배부,2
2008,투표소,2
2009,네티즌,2
2010,대도,2
2011,고은광순,2
2012,손가락,2
2013,이정표,2
2014,춤,2
2015,걱정,2
2016,재연,2
2017,물살,2
2018,세기,2
2019,경호원,2
2020,인민,2
2021,골목,2
2022,시청률,2
2023,충주시,2
2024,진심,2
2025,여파,2
2026,깜짝,2
2027,치명,2
2028,컨벤션,2
2029,당일치기,2
2030,포화,2
2031,인선,2
2032,세번,2
2033,입안,2
2034,염원,2
2035,김찍박,2
2036,과열,2
2037,화,2
2038,계기,2
2039,전전긍긍,2
2040,남영동,2
2041,대공분실,2
2042,기념관,2
2043,안간힘,2
2044,용서,2
2045,가처분,2
2046,파장,2
2047,부심,2
2048,지층,2
2049,도덕성,2
2050,표창원,2
2051,유포,2
2052,구슬,2
2053,땀,2
2054,후끈,2
2055,최하,2
2056,말씀,2
2057,억지,2
2058,감개,2
2059,무량,2
2060,재청,2
2061,뭐,2
2062,대세,2
2063,비정상,2
2064,억류,2
2065,옆,2
2066,학적,2
2067,삭제,2
2068,전국구,2
2069,유명,2
2070,해소,2
2071,동원,2
2072,폭로,2
2073,소형,2
2074,부패,2
2075,돌,2
2076,리기,2
2077,무효,2
2078,대학,2
2079,주변,2
2080,특구,2
2081,개발,2
2082,노원,2
2083,게임,2
2084,미니,2
2085,보물,2
2086,유해,2
2087,발굴,2
2088,훼방,2
2089,유체이탈,2
2090,부활,2
2091,만날,2
2092,디,2
2093,그림,2
2094,청문회,2
2095,월,2
2096,가열,2
2097,유령,2
2098,심각,2
2099,핑계,2
2100,순천시,2
2101,모독,2
2102,지하,2
2103,도로,2
2104,인도,2
2105,사안,2
2106,주화,2
2107,제작,2
2108,대안,2
2109,보고서,2
2110,난리,2
2111,사,2
2112,모바일,2
2113,교도소,2
2114,불가능,2
2115,문워크,2
2116,댄스,2
2117,공안,2
2118,충남도,2
2119,매수,2
2120,특별법,2
2121,미투,2
2122,악용,2
2123,연속,2
2124,대론,2
2125,솔솔,2
2126,사수,2
2127,휴가,2
2128,신호탄,2
2129,콘텐츠,2
2130,각각,2
2131,회생,2
2132,확장,2
2133,환,2
2134,재원,2
2135,박수,2
2136,박경국,2
2137,신용,2
2138,눈치,2
2139,자동,2
2140,전주,2
2141,실형,2
2142,경제부총리,2
2143,회견,2
2144,합집,2
2145,라운드,2
2146,테러,2
2147,장애인,2
2148,저출산,2
2149,장서,2
2150,피습,2
2151,색,2
2152,공,2
2153,로고송,2
2154,아기,2
2155,상어,2
2156,폭주,2
2157,법무부,2
2158,민,2
2159,운용,2
2160,통보,2
2161,야전,2
2162,일침,2
2163,관여,2
2164,모,2
2165,삭감,2
2166,야합,2
2167,좌파,2
2168,외눈박이,2
2169,모금,2
2170,옛날,2
2171,의뢰인,2
2172,우파,2
2173,소설,2
2174,숙제,2
2175,흠집,2
2176,박성효,2
2177,융합,2
2178,양극화,2
2179,일로,2
2180,천안함,2
2181,폭침,2
2182,백의종군,2
2183,감당,2
2184,필요시,2
2185,환상,2
2186,촛불,2
2187,생태계,2
2188,호통,2
2189,동향,2
2190,정보,2
2191,특별,2
2192,차별,2
2193,반등,2
2194,남아,2
2195,일단,2
2196,중국,2
2197,대법원,2
2198,스토리,2
2199,정세,2
2200,궤도,2
2201,소식,2
2202,지혜,2
2203,번쩍,2
2204,운전대,2
2205,외신,2
2206,난관,2
2207,총,2
2208,이종명,2
2209,강경화,2
2210,원인,2
2211,운전자,2
2212,정창수,2
2213,여옥,2
2214,특보,2
2215,경계,2
2216,돌발,2
2217,심야,2
2218,방미,2
2219,원색,2
2220,빈,2
2221,자문,2
2222,정호,2
2223,상여금,2
2224,태도,2
2225,돌변,2
2226,부과,2
2227,행복,2
2228,선포,2
2229,방심,2
2230,현금,2
2231,찬,2
2232,명단,2
2233,만취,2
2234,감축,2
2235,끼리,2
2236,서유기,2
2237,단서,2
2238,소유,2
2239,시험대,2
2240,비율,2
2241,환노위,2
2242,카메라,2
2243,충분,2
2244,축,2
2245,친구,2
2246,견인,2
2247,볼튼,2
2248,부탁,2
2249,득,2
2250,중학생,2
2251,약밤나무,2
2252,발인,2
2253,빼,2
2254,먹기,2
2255,쌈짓돈,2
2256,전락,2
2257,동생,2
2258,라돈,2
2259,침대,2
2260,방임,2
2261,풍문,2
2262,차례,2
2263,봉투,2
2264,백원우,2
2265,밖,2
2266,전력,2
2267,몸,2
2268,당한,2
2269,경비,2
2270,설명,2
2271,불구속,2
2272,매듭,2
2273,가결,2
2274,뭔가,2
2275,맞짱,2
2276,발족,2
2277,트집,2
2278,명예,2
2279,안봉,2
2280,광고,2
2281,주거,2
2282,계엄,2
2283,행진곡,2
2284,선체,2
2285,피하,2
2286,얘기,2
2287,다자,2
2288,명분,2
2289,도청,2
2290,깜깜,2
2291,이례,2
2292,낙하산,2
2293,완결,2
2294,중소기업,2
2295,증인,2
2296,마리,2
2297,방청권,2
2298,운전기사,2
2299,일본,2
2300,기지,2
2301,연구,2
2302,깨,2
2303,자식,2
2304,병문안,2
2305,국방,2
2306,세금,2
2307,복수,2
2308,계란,2
2309,게시,2
2310,전파,2
2311,모니터링,2
2312,방심위,2
2313,만료,2
2314,누군가,2
2315,서울대,2
2316,제외,2
2317,부담,2
2318,북풍,2
2319,폭력,2
2320,음주운전,2
2321,집단,2
2322,정자,2
2323,이완영,2
2324,중심지,2
2325,야구,2
2326,망신,2
2327,택,2
2328,서면,2
2329,엉터리,2
2330,기세,2
2331,꽃,2
2332,협,2
2333,사업,2
2334,개소식,2
2335,베트남,2
2336,우린,2
2337,비상,2
2338,원내,2
2339,신보라,2
2340,항쟁,2
2341,공연,2
2342,예술,2
2343,기원,2
2344,수액,2
2345,불출,2
2346,다수,2
2347,행정구역,2
2348,장제원,2
2349,지적도,2
2350,결백,2
2351,아빠,2
2352,혈,2
2353,잔,2
2354,접점,2
2355,정성,2
2356,전후,2
2357,뇌물수수,2
2358,만류,2
2359,도쿄,2
2360,사자,2
2361,유성엽,2
2362,문법,2
2363,필수,2
2364,몽니,2
2365,애초,2
2366,상대로,2
2367,이병기,2
2368,국제사회,2
2369,불법선거,2
2370,유통,2
2371,민중당,2
2372,도당,2
2373,앵커,2
2374,방산,2
2375,탈세,2
2376,중구청,2
2377,잡음,2
2378,결,2
2379,기업,2
2380,골든타임,2
2381,범행,2
2382,하위,2
2383,국토,2
2384,균형발전,2
2385,클릭,2
2386,방식,2
2387,마지노선,2
2388,대중교통,2
2389,습관,2
2390,인의,2
2391,역시,2
2392,고집,2
2393,가지,2
2394,어린이,2
2395,턱,2
2396,도중,2
2397,역점,2
2398,격려,2
2399,판사,2
2400,발견,2
2401,투,2
2402,트랙,2
2403,뒷받침,2
2404,꽉,2
2405,카페,2
2406,박범계,2
2407,잡지,2
2408,교과서,2
2409,색깔론,2
2410,홍갱,2
2411,도시재생,2
2412,비행기,2
2413,연,2
2414,수락,2
2415,거리,2
2416,협박,2
2417,슬로건,2
2418,소속,2
2419,격화,2
2420,비준,2
2421,농구,2
2422,세계사,2
2423,출발점,2
2424,부문,2
2425,격,2
2426,주사파,2
2427,총동원,2
2428,상징,2
2429,위층,2
2430,기분,2
2431,비밀,2
2432,조용필,2
2433,귀가,2
2434,이우현,2
2435,리설주,2
2436,개성,2
2437,연내,2
2438,선언문,2
2439,소나무,2
2440,정주영,2
2441,고속,2
2442,남쪽,2
2443,월경,2
2444,월북,2
2445,채널,2
2446,사주,2
2447,사임,2
2448,대형,2
2449,화성시,2
2450,함평,2
2451,특정,2
2452,중상,2
2453,메뉴,2
2454,정치학,2
2455,일베,2
2456,국무,2
2457,궐석재판,2
2458,거품,2
2459,과반,2
2460,스모,2
2461,대가,2
2462,탁,2
2463,팩트,2
2464,밭갈이,2
2465,정당성,2
2466,순,2
2467,본선,2
2468,장만채,2
2469,동일시,2
2470,악마,2
2471,통일부,2
2472,실업률,2
2473,최악,2
2474,신음,2
2475,흥행,2
2476,몰이,2
2477,물건,2
2478,복,2
2479,대한항공,2
2480,고통,2
2481,땡처리,2
2482,관행,2
2483,유린,2
2484,기부,2
2485,참여연대,2
2486,퇴진,2
2487,헌정특위,2
2488,엄호,2
2489,조사해,2
2490,곳곳,2
2491,제명,2
2492,자기,2
2493,출구,2
2494,더미,2
2495,가이드라인,2
2496,배당,2
2497,최전선,2
2498,법성,2
2499,남부,2
2500,략,2
2501,신임,2
2502,유시민,2
2503,출처,2
2504,토지,2
2505,어버이날,2
2506,공휴일,2
2507,지정,2
2508,배제,2
2509,연구소,2
2510,목적,2
2511,직전,2
2512,논현동,2
2513,진영,2
2514,조선,2
2515,사면,2
2516,편성,2
2517,복기왕,2
2518,공적,2
2519,승진,2
2520,은총,2
2521,구속기소,2
2522,단죄,2
2523,보강,2
2524,금지법,2
2525,방지법,2
2526,주문,2
2527,가시,2
2528,밭길,2
2529,부메랑,2
2530,서한,2
2531,승마,2
2532,롯데,2
2533,미르,2
2534,현대차,2
2535,기각,2
2536,헛,2
2537,바퀴,2
2538,결산,2
2539,추념,2
2540,배소,2
2541,내각제,2
2542,돼지,2
2543,좌익,2
2544,무장,2
2545,폭동,2
2546,밀알,2
2547,키맨,1
2548,끌,1
2549,봄날,1
2550,각별,1
2551,반려견,1
2552,허탕,1
2553,암시,1
2554,병과,1
2555,당제,1
2556,창현,1
2557,건축물,1
2558,도장,1
2559,비산,1
2560,먼지,1
2561,억제,1
2562,육박,1
2563,손발,1
2564,대체복무제,1
2565,강민아,1
2566,범여,1
2567,화친,1
2568,방만,1
2569,로남불,1
2570,안일,1
2571,동갑,1
2572,하란,1
2573,법대,1
2574,해몽,1
2575,축구,1
2576,낭보,1
2577,아전,1
2578,수격,1
2579,촌평,1
2580,단위,1
2581,다음주,1
2582,배수,1
2583,카잔,1
2584,전율,1
2585,박세리,1
2586,흥분,1
2587,일색,1
2588,김경협,1
2589,혼수상태,1
2590,불체포특권,1
2591,체류,1
2592,장선,1
2593,실감,1
2594,생색,1
2595,심위,1
2596,문명,1
2597,순방,1
2598,피로,1
2599,누적,1
2600,뒤로,1
2601,지역감정,1
2602,옐로카드,1
2603,전임,1
2604,수레바퀴,1
2605,공론,1
2606,부들부들,1
2607,공기업,1
2608,관장,1
2609,중순,1
2610,저서,1
2611,수가,1
2612,친족,1
2613,성범죄,1
2614,연장,1
2615,진료,1
2616,어게인,1
2617,김종인,1
2618,전권,1
2619,석별,1
2620,이한동,1
2621,원래,1
2622,법사,1
2623,버금,1
2624,위상,1
2625,송영길,1
2626,장정,1
2627,독설,1
2628,걸레,1
2629,짝,1
2630,대리인,1
2631,우지,1
2632,복구,1
2633,불능,1
2634,디가우징,1
2635,이란,1
2636,질타,1
2637,문책,1
2638,채찍,1
2639,디지털,1
2640,옥수동,1
2641,패인,1
2642,환노,1
2643,시화,1
2644,획기,1
2645,조물주,1
2646,임대료,1
2647,률,1
2648,추모식,1
2649,폭우,1
2650,낙뢰,1
2651,근대화,1
2652,거목,1
2653,수평,1
2654,쿠데타,1
2655,양론,1
2656,유임,1
2657,장사정포,1
2658,부처,1
2659,자율,1
2660,노동부,1
2661,코앞,1
2662,낚,1
2663,관례,1
2664,형태,1
2665,부모,1
2666,로부터,1
2667,국민훈장,1
2668,김주,1
2669,대의,1
2670,외침,1
2671,주지,1
2672,과오,1
2673,명복,1
2674,전우,1
2675,폴,1
2676,라이언,1
2677,무당,1
2678,추세,1
2679,심재철,1
2680,이주영,1
2681,광란,1
2682,마녀사냥,1
2683,간질,1
2684,동지,1
2685,각하,1
2686,도열,1
2687,단맛,1
2688,젠,1
2689,페이스오프,1
2690,점점,1
2691,전문성,1
2692,불신,1
2693,악순환,1
2694,심층,1
2695,지방의회,1
2696,청렴,1
2697,매년,1
2698,노릇,1
2699,굴곡,1
2700,묘비,1
2701,대망,1
2702,후견인,1
2703,생전,1
2704,종언,1
2705,고하,1
2706,헌화,1
2707,부역,1
2708,상위,1
2709,공화당,1
2710,숫자,1
2711,우해,1
2712,로스토프나도누,1
2713,공공정책,1
2714,플랜,1
2715,명암,1
2716,산업화,1
2717,민화,1
2718,마누라,1
2719,이완용,1
2720,분주,1
2721,객,1
2722,발길,1
2723,정치군인,1
2724,마침표,1
2725,로비,1
2726,타깃,1
2727,하늘,1
2728,목민관,1
2729,탑,1
2730,조화,1
2731,트로이카,1
2732,뒤안길,1
2733,쌍,1
2734,마차,1
2735,김상조,1
2736,윤석열,1
2737,찰떡,1
2738,발자취,1
2739,풍운,1
2740,향년,1
2741,파주,1
2742,작년,1
2743,부정부패,1
2744,연명,1
2745,동해안,1
2746,활짝,1
2747,정종섭,1
2748,내분,1
2749,유민봉,1
2750,제소,1
2751,망령,1
2752,일벌,1
2753,민의,1
2754,청구권,1
2755,거주,1
2756,음주,1
2757,뺑소니,1
2758,전화,1
2759,수습위,1
2760,동안,1
2761,티격태격,1
2762,한창,1
2763,살생,1
2764,가속도,1
2765,세진,1
2766,알력,1
2767,징역형,1
2768,평론가,1
2769,김갑수,1
2770,지출,1
2771,용이,1
2772,라지,1
2773,끌검경,1
2774,문턱,1
2775,번번이,1
2776,황운하,1
2777,종식,1
2778,담화,1
2779,대등,1
2780,상하,1
2781,행안,1
2782,모범,1
2783,사례,1
2784,박상기,1
2785,이종걸,1
2786,온몸,1
2787,욕망,1
2788,원전,1
2789,완만,1
2790,진성준,1
2791,주변인,1
2792,최측근,1
2793,기지개,1
2794,법외,1
2795,직권,1
2796,정철,1
2797,착륙,1
2798,지표,1
2799,수단,1
2800,너머,1
2801,패가망신,1
2802,상응,1
2803,가스,1
2804,전기,1
2805,대성공,1
2806,박주현,1
2807,정숙,1
2808,북중,1
2809,걸음,1
2810,소리,1
2811,분배,1
2812,맞춤,1
2813,당황,1
2814,현황,1
2815,이정희,1
2816,장하,1
2817,소상,1
2818,자영,1
2819,업자,1
2820,노인,1
2821,심기,1
2822,일전,1
2823,잠룡,1
2824,실물,1
2825,딴판,1
2826,관람,1
2827,원정,1
2828,조카,1
2829,업,1
2830,문성근,1
2831,경비원,1
2832,노총,1
2833,파괴,1
2834,고용노동부,1
2835,향상,1
2836,낙오,1
2837,한나,1
2838,유기견,1
2839,폐쇄되,1
2840,사이렌,1
2841,소방차,1
2842,신경,1
2843,형태소,1
2844,전적,1
2845,덕분,1
2846,반대파,1
2847,니,1
2848,가라,1
2849,하와이,1
2850,질책,1
2851,반말,1
2852,서강,1
2853,동문,1
2854,외곽,1
2855,새누리당,1
2856,펜,1
2857,컷,1
2858,모음,1
2859,안팎,1
2860,사이코패스,1
2861,앞잡이,1
2862,주정뱅이,1
2863,짤랐어,1
2864,석촌호수,1
2865,입수,1
2866,쇄도,1
2867,대체로,1
2868,직통,1
2869,전화번호,1
2870,헐값,1
2871,천,1
2872,하마,1
2873,평,1
2874,저희,1
2875,연습,1
2876,비무장,1
2877,한나라,1
2878,새누리,1
2879,종로,1
2880,경찰서,1
2881,사비,1
2882,대리,1
2883,증,1
2884,대검,1
2885,박상,1
2886,융,1
2887,김대호,1
2888,최득신,1
2889,주주,1
2890,선의,1
2891,검찰청,1
2892,당분간,1
2893,신기록,1
2894,혼돈,1
2895,앞날,1
2896,겹,1
2897,개각설,1
2898,미정,1
2899,묘소,1
2900,모델링,1
2901,전운,1
2902,최고법원,1
2903,요인,1
2904,차지,1
2905,뉴스룸,1
2906,승무원,1
2907,한당,1
2908,왼쪽,1
2909,접수,1
2910,구의회,1
2911,구미시장,1
2912,명심,1
2913,왕기,1
2914,농림,1
2915,축산,1
2916,안정,1
2917,행정시,1
2918,구민,1
2919,정성껏,1
2920,전북지사,1
2921,새만금,1
2922,잼버리,1
2923,낙후,1
2924,동아시아,1
2925,선도,1
2926,산업혁명,1
2927,호위,1
2928,겨우,1
2929,단숨,1
2930,말로,1
2931,뒤끝,1
2932,건가,1
2933,이재정,1
2934,병역의무,1
2935,오중,1
2936,영동,1
2937,란,1
2938,미사일,1
2939,통째,1
2940,여풍당당,1
2941,김준성,1
2942,충북도,1
2943,이동진,1
2944,진도,1
2945,군민,1
2946,명중,1
2947,생환,1
2948,명정,1
2949,진출,1
2950,충주,1
2951,조길형,1
2952,존재,1
2953,기호,1
2954,나후,1
2955,잠깐,1
2956,지엄,1
2957,생존자,1
2958,덕담,1
2959,선거구,1
2960,얼굴,1
2961,위업,1
2962,공이,1
2963,여대,1
2964,굴레,1
2965,강화군,1
2966,유천,1
2967,사범,1
2968,신예,1
2969,대거,1
2970,입성,1
2971,옹진,1
2972,밤새,1
2973,비위,1
2974,면직,1
2975,취업,1
2976,검정고시,1
2977,수수료,1
2978,지역별,1
2979,제각각,1
2980,곳꼴,1
2981,자임,1
2982,체면,1
2983,치레,1
2984,이하,1
2985,황금,1
2986,분할,1
2987,분다,1
2988,지배,1
2989,로움,1
2990,낡음,1
2991,예루살렘,1
2992,메카,1
2993,레알,1
2994,영양,1
2995,봉화,1
2996,신안,1
2997,혐오,1
2998,인권위,1
2999,모집,1
3000,페미니스트,1
3001,신지,1
3002,지도,1
3003,급증,1
3004,세대,1
3005,자치구,1
3006,패배,1
3007,구본영,1
3008,원창묵,1
3009,원주시,1
3010,숙명,1
3011,오봉,1
3012,여수시,1
3013,김승수,1
3014,전주시,1
3015,고시,1
3016,친김,1
3017,김정섭,1
3018,공주시,1
3019,동해시,1
3020,심규,1
3021,주신,1
3022,진땀,1
3023,리드,1
3024,급부,1
3025,생존,1
3026,최대호,1
3027,부분,1
3028,공교육,1
3029,합리,1
3030,가도,1
3031,화합,1
3032,예감,1
3033,잔칫집,1
3034,꾹,1
3035,환호성,1
3036,날개,1
3037,책임정치,1
3038,축배,1
3039,고전,1
3040,후광,1
3041,판박이,1
3042,겸허,1
3043,벌집,1
3044,쓰나미,1
3045,은피,1
3046,안통,1
3047,고배,1
3048,나가야,1
3049,로엔,1
3050,성원,1
3051,혹,1
3052,전원책,1
3053,아리송,1
3054,동진,1
3055,기염,1
3056,준엄,1
3057,함,1
3058,엽니,1
3059,완패,1
3060,넥슨,1
3061,위협,1
3062,파,1
3063,미스테리,1
3064,할머니,1
3065,기도,1
3066,요동,1
3067,롤러코스터,1
3068,건수,1
3069,간의,1
3070,레이스,1
3071,대화기,1
3072,전열,1
3073,정비,1
3074,난항,1
3075,비문,1
3076,적중,1
3077,폐족,1
3078,전멸,1
3079,경합,1
3080,알파,1
3081,평소,1
3082,부근,1
3083,순창군,1
3084,상판,1
3085,철거,1
3086,래야,1
3087,열풍,1
3088,재석,1
3089,너,1
3090,저리,1
3091,열기,1
3092,재보궐선거,1
3093,아유,1
3094,난동,1
3095,한장,1
3096,실수,1
3097,유효,1
3098,서산,1
3099,득표,1
3100,민증,1
3101,동수,1
3102,전보,1
3103,재산세,1
3104,자동차세,1
3105,정정,1
3106,공고,1
3107,구리,1
3108,발생,1
3109,막막,1
3110,발걸음,1
3111,로또,1
3112,롭,1
3113,카르텔,1
3114,걸,1
3115,찌,1
3116,감치,1
3117,나들이,1
3118,새내기,1
3119,불확실,1
3120,고조,1
3121,태민,1
3122,빅뱅,1
3123,혹평,1
3124,벼랑,1
3125,정치가,1
3126,경협,1
3127,시나리오,1
3128,설왕설래,1
3129,드레스,1
3130,코드,1
3131,여진,1
3132,전용기,1
3133,베이징,1
3134,이륙,1
3135,제주시,1
3136,손익계산서,1
3137,닉슨,1
3138,레이건,1
3139,공통점,1
3140,원수,1
3141,동동,1
3142,국무위원,1
3143,복의,1
3144,갈수록,1
3145,자정,1
3146,불법행위,1
3147,전북도,1
3148,환호,1
3149,원우,1
3150,도주,1
3151,살림,1
3152,지호,1
3153,월계관,1
3154,뿌리,1
3155,진실성,1
3156,연결,1
3157,설화,1
3158,대명사,1
3159,트루먼,1
3160,강림,1
3161,계산,1
3162,영수증,1
3163,전날,1
3164,최경환,1
3165,정세환,1
3166,딸도,1
3167,남서,1
3168,남관,1
3169,환기,1
3170,상계동,1
3171,공부,1
3172,목전,1
3173,제자리,1
3174,내정,1
3175,관종,1
3176,마광수,1
3177,추잡,1
3178,불타,1
3179,난시,1
3180,이야기,1
3181,요충지,1
3182,무게,1
3183,모녀,1
3184,차로,1
3185,무제,1
3186,읍소,1
3187,각설이,1
3188,파란,1
3189,염색,1
3190,몰두,1
3191,막장,1
3192,뒤집힌다,1
3193,성지,1
3194,세종,1
3195,분산,1
3196,소멸,1
3197,딱지,1
3198,마이웨이,1
3199,능력,1
3200,쩌렁쩌렁,1
3201,민폐,1
3202,철원,1
3203,평화로,1
3204,샤,1
3205,철마,1
3206,백지,1
3207,정오,1
3208,지하철,1
3209,번만,1
3210,풀뿌리민주,1
3211,존폐,1
3212,막강,1
3213,통령,1
3214,교제,1
3215,변죽,1
3216,리다,1
3217,절통,1
3218,정우성,1
3219,유재석,1
3220,국익,1
3221,월등,1
3222,공보,1
3223,지장,1
3224,측,1
3225,삼청동,1
3226,집계,1
3227,민사,1
3228,배상,1
3229,정치화,1
3230,현명,1
3231,인위,1
3232,사무소,1
3233,추진단,1
3234,개설,1
3235,녹취,1
3236,변곡점,1
3237,넌,1
3238,강탈,1
3239,거세,1
3240,스포츠,1
3241,본의,1
3242,기상캐스터,1
3243,트렌드,1
3244,누비,1
3245,엄지,1
3246,척,1
3247,진통제,1
3248,익산시,1
3249,대학생,1
3250,시험,1
3251,과목,1
3252,침수,1
3253,보은,1
3254,댐,1
3255,파기,1
3256,서구청,1
3257,내사,1
3258,대학가,1
3259,국방부,1
3260,양심선언,1
3261,장교,1
3262,형,1
3263,무혐의,1
3264,당좌,1
3265,해운대,1
3266,제천,1
3267,단양,1
3268,밀리,1
3269,기상,1
3270,천외,1
3271,기선,1
3272,제압,1
3273,폐쇄시켜,1
3274,곳도,1
3275,행적,1
3276,수면,1
3277,이웃,1
3278,기리,1
3279,구애,1
3280,유공,1
3281,합당,1
3282,용산구,1
3283,퇴보,1
3284,한나라당,1
3285,무연,1
3286,실직,1
3287,차트,1
3288,더블,1
3289,스코어,1
3290,열사,1
3291,독립운동가,1
3292,신인,1
3293,떡,1
3294,노래,1
3295,최저생계비,1
3296,가구,1
3297,비무장지대,1
3298,무덤,1
3299,얍삽,1
3300,이제야,1
3301,맛,1
3302,앞서,1
3303,예우,1
3304,카나,1
3305,열세,1
3306,만하,1
3307,형제,1
3308,폭발력,1
3309,손훈모,1
3310,마약,1
3311,커피,1
3312,허석,1
3313,지경,1
3314,역주행,1
3315,점화,1
3316,골드만삭스,1
3317,코미디,1
3318,수처리,1
3319,외곽순환,1
3320,시내버스,1
3321,준공,1
3322,영제,1
3323,국제적십자,1
3324,총재,1
3325,모집단,1
3326,건강검진,1
3327,자업자득,1
3328,쪽,1
3329,나로,1
3330,플라스틱,1
3331,환경보호,1
3332,순직,1
3333,소방관,1
3334,방송사,1
3335,상가,1
3336,건널목,1
3337,가림,1
3338,공해,1
3339,혼전,1
3340,두테르테,1
3341,파생,1
3342,안나,1
3343,저하,1
3344,적용,1
3345,영배,1
3346,관리인,1
3347,선율,1
3348,분투,1
3349,택일,1
3350,임대윤,1
3351,오차,1
3352,뼈,1
3353,멍,1
3354,천안시,1
3355,무고죄,1
3356,제정,1
3357,어서,1
3358,챔피언,1
3359,자의,1
3360,강제,1
3361,밑거름,1
3362,용산,1
3363,통계,1
3364,호응,1
3365,킬러,1
3366,실행,1
3367,오광수,1
3368,김봉석,1
3369,육성,1
3370,선심,1
3371,태반,1
3372,도심,1
3373,부흥,1
3374,공통분모,1
3375,차용,1
3376,지역화폐,1
3377,이익,1
3378,수법,1
3379,활성화,1
3380,양강,1
3381,조달,1
3382,퍼스트,1
3383,현혹,1
3384,카멜레온,1
3385,음악,1
3386,수설,1
3387,차보,1
3388,낫,1
3389,자전거,1
3390,실종,1
3391,방표심,1
3392,퇴원,1
3393,신문,1
3394,보지,1
3395,혜경,1
3396,변환,1
3397,제네바,1
3398,송환,1
3399,취해,1
3400,진위,1
3401,녹취파일,1
3402,복당,1
3403,포항,1
3404,냄새,1
3405,물씬,1
3406,임시회,1
3407,불평등,1
3408,조절,1
3409,결실,1
3410,보나,1
3411,전부,1
3412,흥,1
3413,금태섭,1
3414,현장사진,1
3415,백주,1
3416,엄벌,1
3417,수성,1
3418,장병완,1
3419,아마,1
3420,씸,1
3421,공정,1
3422,고령화,1
3423,밑그림,1
3424,효상,1
3425,조선일보,1
3426,투항,1
3427,양상훈,1
3428,주필,1
3429,감소,1
3430,진단,1
3431,김성호,1
3432,부작용,1
3433,길고양이,1
3434,둔촌,1
3435,고양이,1
3436,남탓,1
3437,망국,1
3438,추격,1
3439,행안부,1
3440,꼼짝,1
3441,방치,1
3442,철로,1
3443,비현실적,1
3444,최저임금법,1
3445,연동,1
3446,현지,1
3447,자존,1
3448,자치도,1
3449,불구,1
3450,활용,1
3451,교두보,1
3452,엄포,1
3453,불황,1
3454,조직개편,1
3455,난제,1
3456,열전,1
3457,소녀,1
3458,흉물,1
3459,큰소리,1
3460,김진,1
3461,끝장,1
3462,공권력,1
3463,검찰총장,1
3464,개차,1
3465,반도,1
3466,메일,1
3467,대사관,1
3468,공금,1
3469,것일,1
3470,명부,1
3471,유출,1
3472,아무,1
3473,팽배,1
3474,궤,1
3475,멸시,1
3476,켜,1
3477,굴복,1
3478,증명,1
3479,어제,1
3480,놀이터,1
3481,대덕,1
3482,비즈니스,1
3483,지구,1
3484,아성,1
3485,영웅,1
3486,유가족,1
3487,대감,1
3488,기차,1
3489,훈풍,1
3490,초래,1
3491,삼파전,1
3492,당지,1
3493,출세,1
3494,선후,1
3495,임노동자,1
3496,심보,1
3497,아일랜드,1
3498,충견,1
3499,추락,1
3500,강철중,1
3501,의인,1
3502,허구,1
3503,맹폭,1
3504,가계,1
3505,빌보드,1
3506,방탄소년단,1
3507,자랑,1
3508,일원화,1
3509,김기현,1
3510,경제지표,1
3511,간극,1
3512,화로,1
3513,정파,1
3514,지도자,1
3515,번잡,1
3516,형식,1
3517,음해,1
3518,보조금,1
3519,시진핑,1
3520,총괄,1
3521,최인호,1
3522,인쇄,1
3523,활발,1
3524,채무,1
3525,모라토리엄,1
3526,김명수,1
3527,편안함,1
3528,격동,1
3529,도널드,1
3530,대좌,1
3531,정상외교,1
3532,동,1
3533,교착,1
3534,옥신각신,1
3535,격변,1
3536,들러리,1
3537,맹비,1
3538,게시판,1
3539,비정규직,1
3540,설훈,1
3541,총대,1
3542,장밋빛,1
3543,무의미,1
3544,이용원,1
3545,구장,1
3546,대화재,1
3547,이철성,1
3548,장담,1
3549,송영,1
3550,상반,1
3551,갱도,1
3552,입구,1
3553,폭파,1
3554,농업,1
3555,농촌,1
3556,답변,1
3557,향후,1
3558,게재,1
3559,일단락,1
3560,냉탕,1
3561,탕,1
3562,마침내,1
3563,분열,1
3564,장미,1
3565,빛,1
3566,직시,1
3567,파산,1
3568,숨,1
3569,이해찬,1
3570,탄력성,1
3571,정동영,1
3572,태세,1
3573,평시,1
3574,특이,1
3575,보존,1
3576,초대형,1
3577,관망,1
3578,참모,1
3579,관저,1
3580,충남교육감,1
3581,텅텅,1
3582,번복,1
3583,장벽,1
3584,본심,1
3585,발가락,1
3586,스타일,1
3587,두둔,1
3588,약,1
3589,조회,1
3590,제비,1
3591,뽑기,1
3592,이의제기,1
3593,결혼,1
3594,폐쇄시,1
3595,사력,1
3596,춘천,1
3597,쇠고기,1
3598,군불,1
3599,제일고,1
3600,고교,1
3601,무상교육,1
3602,상정,1
3603,정족수,1
3604,성립,1
3605,부당,1
3606,입찰,1
3607,고발장,1
3608,대필,1
3609,선희,1
3610,무도,1
3611,날씨,1
3612,천영우,1
3613,참전,1
3614,수상한,1
3615,실소,1
3616,유주,1
3617,당진,1
3618,평택,1
3619,해상,1
3620,수계,1
3621,각의,1
3622,셀카,1
3623,불똥,1
3624,사과글,1
3625,국세,1
3626,지방세,1
3627,형님,1
3628,수인,1
3629,번호,1
3630,이기우,1
3631,기권,1
3632,직위,1
3633,손짓,1
3634,해방,1
3635,대장,1
3636,군데,1
3637,겨,1
3638,자단,1
3639,로이터,1
3640,차질,1
3641,일괄,1
3642,프랑스,1
3643,낙관,1
3644,부통령,1
3645,부인과,1
3646,진력,1
3647,수교,1
3648,배석,1
3649,여정,1
3650,중고,1
3651,입학,1
3652,졸업,1
3653,팀워크,1
3654,휴대폰,1
3655,지연,1
3656,봉하마을,1
3657,쏙,1
3658,핍박,1
3659,만일,1
3660,불찰,1
3661,도종환,1
3662,도경,1
3663,청주,1
3664,측은,1
3665,매트리스,1
3666,수거,1
3667,미숙,1
3668,체질,1
3669,가중,1
3670,욱여넣,1
3671,킹크랩,1
3672,시연,1
3673,탄생,1
3674,구인,1
3675,고사,1
3676,타도,1
3677,매번,1
3678,이탈,1
3679,발버둥,1
3680,불륜,1
3681,징계,1
3682,고령,1
3683,과연,1
3684,찮,1
3685,부처님오신날,1
3686,불심,1
3687,통감,1
3688,영덕,1
3689,무안,1
3690,사생활,1
3691,배정,1
3692,중간,1
3693,값,1
3694,취하,1
3695,승객,1
3696,퇴치,1
3697,목격담,1
3698,맘속,1
3699,저장,1
3700,텔레그램,1
3701,전철,1
3702,원단,1
3703,결속,1
3704,무릎,1
3705,외환,1
3706,노태우,1
3707,짓,1
3708,상전,1
3709,케이스,1
3710,혜원,1
3711,과장,1
3712,심해,1
3713,사위,1
3714,번진,1
3715,매머드,1
3716,유리,1
3717,동상,1
3718,이몽,1
3719,결성,1
3720,오세현,1
3721,아산시장,1
3722,주차,1
3723,범칙,1
3724,공동체,1
3725,전화통화,1
3726,행각,1
3727,결위,1
3728,첩첩산중,1
3729,자백,1
3730,선동,1
3731,갯속,1
3732,중간지점,1
3733,골프장,1
3734,방석,1
3735,진실게임,1
3736,이권,1
3737,은택,1
3738,승낙,1
3739,집사,1
3740,김경준,1
3741,입국,1
3742,반박,1
3743,이재만,1
3744,보석,1
3745,웠습니,1
3746,누,1
3747,빗속,1
3748,제창,1
3749,님,1
3750,직격,1
3751,서신,1
3752,리선,1
3753,춘천지검,1
3754,상균,1
3755,음모,1
3756,동북아,1
3757,관광,1
3758,불투명,1
3759,인삼,1
3760,접,1
3761,경지,1
3762,테크노,1
3763,밸리,1
3764,코이카,1
3765,봉사,1
3766,영구,1
3767,해선,1
3768,내야,1
3769,오직,1
3770,중립,1
3771,김지철,1
3772,패러다임,1
3773,닭,1
3774,칼잡이,1
3775,수백,1
3776,신념,1
3777,김계관,1
3778,배득,1
3779,애로,1
3780,유라시아,1
3781,응모,1
3782,자원봉사,1
3783,센다이,1
3784,김성환,1
3785,소가,1
3786,웃,1
3787,강성,1
3788,살찐,1
3789,이하늬,1
3790,문희상,1
3791,박병석,1
3792,하나로,1
3793,스스로,1
3794,무장해제,1
3795,중지,1
3796,이병철,1
3797,한탄,1
3798,가족사,1
3799,쾌유,1
3800,억측,1
3801,맥스,1
3802,선더,1
3803,사려,1
3804,이화여대,1
3805,학사,1
3806,벼락치기,1
3807,졸속,1
3808,매력,1
3809,방법론,1
3810,매일,1
3811,문무,1
3812,절충,1
3813,기운,1
3814,호상,1
3815,와중,1
3816,모양,1
3817,감정,1
3818,표현,1
3819,큰딸,1
3820,눈살,1
3821,경주시장,1
3822,앤드류,1
3823,학운,1
3824,칼,1
3825,삽시간,1
3826,비운,1
3827,전념,1
3828,자해,1
3829,명과,1
3830,저녁,1
3831,전원,1
3832,보도자료,1
3833,배포,1
3834,발삼,1
3835,합병,1
3836,문형표,1
3837,유진,1
3838,시원,1
3839,안배,1
3840,김상곤,1
3841,논문,1
3842,상서,1
3843,참정권,1
3844,주효,1
3845,전과,1
3846,범인,1
3847,은닉,1
3848,보혁,1
3849,팬심,1
3850,야구장,1
3851,선진,1
3852,문빠,1
3853,광신도,1
3854,온종일,1
3855,법적대응,1
3856,금전,1
3857,인척,1
3858,부풀리기,1
3859,성남시장,1
3860,묵살,1
3861,그것,1
3862,처럼,1
3863,상승세,1
3864,소득세,1
3865,행정소송,1
3866,추첨,1
3867,경쟁률,1
3868,봉쇄,1
3869,변론,1
3870,불허,1
3871,진선미,1
3872,스승,1
3873,공직,1
3874,지방정부,1
3875,요소,1
3876,전혀,1
3877,청개구리,1
3878,단계,1
3879,발전소,1
3880,이드,1
3881,전무,1
3882,관심,1
3883,찾기,1
3884,깜,1
3885,역풍,1
3886,내내,1
3887,이정원,1
3888,사무실,1
3889,아산,1
3890,시민사회단체,1
3891,엄마,1
3892,견인차,1
3893,총회,1
3894,엉망,1
3895,출항,1
3896,천단,1
3897,무의식,1
3898,수호,1
3899,자부심,1
3900,부채,1
3901,탕감,1
3902,직권상정,1
3903,파업,1
3904,천추,1
3905,일부러,1
3906,상의,1
3907,구급대원,1
3908,굳이,1
3909,주소,1
3910,침몰,1
3911,찍,1
3912,과분,1
3913,재임,1
3914,민원,1
3915,아버지,1
3916,급상승,1
3917,정이,1
3918,분발,1
3919,놈,1
3920,염려,1
3921,심리,1
3922,깡패,1
3923,김구,1
3924,김대중,1
3925,혹사,1
3926,주한,1
3927,활활,1
3928,방위,1
3929,세균,1
3930,시비,1
3931,의료,1
3932,부정맥,1
3933,루머,1
3934,구토,1
3935,고도,1
3936,지법,1
3937,부가,1
3938,외진,1
3939,바짓가랑이,1
3940,잡고,1
3941,마라톤,1
3942,추가경정예산,1
3943,안도,1
3944,평행선,1
3945,심정,1
3946,면죄부,1
3947,가까이,1
3948,국책,1
3949,편의,1
3950,텅,1
3951,김포시,1
3952,운동,1
3953,면세,1
3954,의견,1
3955,종류,1
3956,친미,1
3957,외교관,1
3958,세트,1
3959,미세,1
3960,혈세,1
3961,손배,1
3962,배경,1
3963,훈민정음,1
3964,소장,1
3965,미술품,1
3966,전시회,1
3967,필,1
3968,물가,1
3969,통상,1
3970,마찰,1
3971,업체,1
3972,대면,1
3973,명운,1
3974,관철,1
3975,변인,1
3976,유로,1
3977,초심,1
3978,지지자,1
3979,비화,1
3980,해지,1
3981,뺨,1
3982,사업가,1
3983,성남,1
3984,공무,1
3985,직문,1
3986,용의,1
3987,근본,1
3988,구조조정,1
3989,취약,1
3990,계층,1
3991,안정화,1
3992,딜레마,1
3993,외환시장,1
3994,포용,1
3995,생산,1
3996,금융,1
3997,모피아,1
3998,최고점,1
3999,건보,1
4000,양호,1
4001,가계부채,1
4002,임금,1
4003,우수,1
4004,보통,1
4005,침체,1
4006,지구력,1
4007,혼자,1
4008,키,1
4009,워드,1
4010,임박,1
4011,대이동,1
4012,패키지,1
4013,숨구멍,1
4014,혹시,1
4015,각오,1
4016,살때,1
4017,위조,1
4018,디즈니랜드,1
4019,몰래,1
4020,울주,1
4021,줏대,1
4022,어가,1
4023,흔드,1
4024,깁스,1
4025,목숨,1
4026,나비효과,1
4027,남성은,1
4028,무직,1
4029,횡설수설,1
4030,나유민,1
4031,카운셀러,1
4032,인근,1
4033,제지,1
4034,콩,1
4035,주머니,1
4036,어린이날,1
4037,명랑,1
4038,운동회,1
4039,추정,1
4040,마중,1
4041,김대령,1
4042,즉시,1
4043,반환,1
4044,표절,1
4045,기념품,1
4046,안내,1
4047,무지개,1
4048,낭떠러지,1
4049,금물,1
4050,언론통제,1
4051,국외,1
4052,말리,1
4053,근접,1
4054,조장,1
4055,주둔,1
4056,일어,1
4057,탁수,1
4058,머릿속,1
4059,곽영,1
4060,훈,1
4061,비스타,1
4062,재회,1
4063,후안,1
4064,무치,1
4065,문서,1
4066,처지,1
4067,바비큐,1
4068,와글와글,1
4069,인터넷,1
4070,배웅,1
4071,착공,1
4072,자본,1
4073,투입,1
4074,배수진,1
4075,털끝,1
4076,사이,1
4077,전정호,1
4078,일편단심,1
4079,조림사업,1
4080,법제처장,1
4081,느낌,1
4082,최후,1
4083,통첩,1
4084,공공,1
4085,헬기,1
4086,사격,1
4087,간첩,1
4088,신영복,1
4089,서류,1
4090,씨름,1
4091,의령,1
4092,태극기,1
4093,집회서,1
4094,회고록,1
4095,요,1
4096,애,1
4097,절호,1
4098,임정엽,1
4099,완주,1
4100,입맛,1
4101,문자메시지,1
4102,외계인,1
4103,취급,1
4104,자포,1
4105,해묵,1
4106,잡는덴,1
4107,바퀴벌레,1
4108,황교안,1
4109,집필,1
4110,시안,1
4111,급등,1
4112,예외,1
4113,시즌,1
4114,개편안,1
4115,란스,1
4116,쿠처,1
4117,인력,1
4118,최적,1
4119,관문,1
4120,제일,1
4121,응급환자,1
4122,삼지,1
4123,군함도,1
4124,계유,1
4125,산등,1
4126,겸,1
4127,선대,1
4128,왕,1
4129,전제,1
4130,핵우산,1
4131,철폐,1
4132,구심,1
4133,껏,1
4134,도우미,1
4135,국민생각,1
4136,대회,1
4137,허성,1
4138,곤,1
4139,김해,1
4140,카운트,1
4141,펀치,1
4142,하버드,1
4143,박사,1
4144,훌륭,1
4145,존엄,1
4146,이월,1
4147,편법,1
4148,연수,1
4149,해도,1
4150,임의,1
4151,캔디,1
4152,파티,1
4153,발등,1
4154,강수,1
4155,마니아,1
4156,체육,1
4157,작일,1
4158,딴지,1
4159,굴욕,1
4160,접경,1
4161,편승,1
4162,반,1
4163,경제특구,1
4164,허황,1
4165,결코,1
4166,고의,1
4167,어려움,1
4168,유차,1
4169,쇼통,1
4170,광,1
4171,독대,1
4172,분간,1
4173,밀담,1
4174,분단,1
4175,성격,1
4176,용처,1
4177,재팬,1
4178,백두,1
4179,한라,1
4180,표준,1
4181,반찬,1
4182,밥,1
4183,어처구니,1
4184,북관,1
4185,해적,1
4186,납치,1
4187,문무대왕함,1
4188,김정일,1
4189,애창,1
4190,곡,1
4191,찻집,1
4192,현송월,1
4193,듀엣,1
4194,지대,1
4195,수역,1
4196,조성환,1
4197,퍼스트레이디,1
4198,이우혁,1
4199,도가니,1
4200,수수,1
4201,온기,1
4202,경의선,1
4203,뭐길,1
4204,도라산역,1
4205,고작,1
4206,불과,1
4207,감성,1
4208,위화,1
4209,최대한,1
4210,절제,1
4211,탈북민,1
4212,연평도,1
4213,껄끄러운,1
4214,살,1
4215,혈육,1
4216,북남,1
4217,시종일관,1
4218,긴밀,1
4219,조서,1
4220,벤치,1
4221,장갑,1
4222,한라산,1
4223,흙,1
4224,철통,1
4225,워,1
4226,외국인,1
4227,주식,1
4228,핵보유국,1
4229,윤도현,1
4230,아차,1
4231,엠바고,1
4232,인연,1
4233,심폐소생,1
4234,치문,1
4235,오시,1
4236,화동,1
4237,민통선,1
4238,대성동,1
4239,초등학교,1
4240,나이,1
4241,읍,1
4242,소한,1
4243,교차,1
4244,가운데,1
4245,미터,1
4246,초기,1
4247,이르렀음,1
4248,혈통,1
4249,특유,1
4250,경사,1
4251,필체,1
4252,방명록,1
4253,통큰,1
4254,임기응변,1
4255,열쇠,1
4256,사열,1
4257,잠시,1
4258,광장,1
4259,시청,1
4260,구역,1
4261,도착,1
4262,레드카펫,1
4263,창성동,1
4264,악수,1
4265,쇠,1
4266,사림,1
4267,안동,1
4268,군사분계선,1
4269,각자,1
4270,경험,1
4271,오히려,1
4272,이성,1
4273,김영삼,1
4274,북폭,1
4275,클린턴,1
4276,국군,1
4277,형기,1
4278,생사,1
4279,달빛,1
4280,기사단,1
4281,시신,1
4282,전용,1
4283,전송,1
4284,전과자,1
4285,이정현,1
4286,윤창중,1
4287,추문,1
4288,안병호,1
4289,본사,1
4290,호흡기,1
4291,무차별,1
4292,뉴딜,1
4293,스마트,1
4294,고양시,1
4295,규정,1
4296,동참,1
4297,재촉,1
4298,양기대,1
4299,국토부,1
4300,논산,1
4301,인천공항,1
4302,양양,1
4303,수원,1
4304,삼척,1
4305,노선,1
4306,고속버스,1
4307,기득권,1
4308,배려,1
4309,막내,1
4310,려,1
4311,입원,1
4312,수술,1
4313,일이,1
4314,공직선거법,1
4315,전향,1
4316,호봉,1
4317,영천시장,1
4318,재심,1
4319,쌀,1
4320,김학의,1
4321,접대,1
4322,유탄,1
4323,고가,1
4324,위축,1
4325,군위,1
4326,요리,1
4327,요리사,1
4328,옥류관,1
4329,하차,1
4330,민선,1
4331,괴산,1
4332,보직,1
4333,박탈,1
4334,바라지,1
4335,침공,1
4336,불물,1
4337,느릅나무,1
4338,윤영,1
4339,회계법인,1
4340,파주세무서,1
4341,데이,1
4342,피소,1
4343,일찍,1
4344,급속도,1
4345,영선,1
4346,이사장,1
4347,풀기,1
4348,기적,1
4349,공통,1
4350,팽개친,1
4351,반격,1
4352,피고,1
4353,소인,1
4354,동일,1
4355,독수리,1
4356,작성,1
4357,장식,1
4358,화답,1
4359,응분,1
4360,주종,1
4361,초과,1
4362,감고,1
4363,윈윈,1
4364,직격탄,1
4365,전선,1
4366,파로스,1
4367,신분,1
4368,늑장,1
4369,도마,1
4370,에드,1
4371,루킹,1
4372,무엇,1
4373,단순,1
4374,갈래,1
4375,정략적,1
4376,손안,1
4377,김경진,1
4378,최신,1
4379,티켓,1
4380,집념,1
4381,거물,1
4382,아사히,1
4383,안보리,1
4384,전산,1
4385,장애,1
4386,업무방해,1
4387,주일,1
4388,자처,1
4389,과학기술,1
4390,경인,1
4391,초대,1
4392,홍일표,1
4393,노동자,1
4394,표상,1
4395,소양,1
4396,사드,1
4397,보이스피싱,1
4398,창조경제,1
4399,경제성장,1
4400,창업,1
4401,팽목항,1
4402,목포,1
4403,연석,1
4404,다운,1
4405,일주,1
4406,거덜,1
4407,장난,1
4408,타임지,1
4409,대화방,1
4410,과도,1
4411,몰카,1
4412,발송,1
4413,들통,1
4414,난색,1
4415,대항,1
4416,대법,1
4417,교감,1
4418,정원,1
4419,블로거,1
4420,폐해,1
4421,고수,1
4422,부실,1
4423,손턴,1
4424,동아,1
4425,태차,1
4426,관보,1
4427,공단,1
4428,시한,1
4429,가슴,1
4430,디테일,1
4431,현실정치,1
4432,군부독재,1
4433,항거,1
4434,분신,1
4435,김상현,1
4436,진행형,1
4437,언론사,1
4438,장단,1
4439,조언,1
4440,청취,1
4441,충주댐,1
4442,문전,1
4443,박대,1
4444,상도,1
4445,고문,1
4446,지독,1
4447,대승,1
4448,정치성향,1
4449,가망,1
4450,총사령관,1
4451,격찬,1
4452,좌절,1
4453,사이버,1
4454,좌표,1
4455,찍기,1
4456,디도스,1
4457,응답,1
4458,유도,1
4459,산불,1
4460,예방,1
4461,절실,1
4462,당비,1
4463,출판,1
4464,다야,1
4465,부각,1
4466,추측,1
4467,갑질,1
4468,불공정,1
4469,청와대로,1
4470,개년,1
4471,면접,1
4472,선수,1
4473,차서,1
4474,선행,1
4475,한마디,1
4476,실용,1
4477,박아,1
4478,이쯤,1
4479,금정구,1
4480,박인영,1
4481,우경수,1
4482,그룹,1
4483,인기,1
4484,논객,1
4485,브로커,1
4486,공간,1
4487,정례,1
4488,알짜,1
4489,배기,1
4490,체급,1
4491,러시,1
4492,납득,1
4493,일제,1
4494,쌍끌이,1
4495,난건,1
4496,멸,1
4497,박창진,1
4498,조현아,1
4499,일반,1
4500,신의,1
4501,도박,1
4502,손익,1
4503,민병희,1
4504,양상,1
4505,술렁,1
4506,퇴직,1
4507,사적,1
4508,참여정부,1
4509,악연,1
4510,전형,1
4511,인수,1
4512,인계,1
4513,전자,1
4514,억,1
4515,연상,1
4516,도리,1
4517,홍종학,1
4518,중기,1
4519,반나절,1
4520,만장일치,1
4521,격론,1
4522,타격,1
4523,불명예,1
4524,종래,1
4525,황창규,1
4526,흔적,1
4527,해바라기,1
4528,안태,1
4529,인지,1
4530,늘,1
4531,재난대응,1
4532,체계,1
4533,무용,1
4534,선장,1
4535,내복,1
4536,탈출,1
4537,치가,1
4538,재발,1
4539,안산,1
4540,분향소,1
4541,불감증,1
4542,대처,1
4543,묵념,1
4544,온전,1
4545,국기,1
4546,문란,1
4547,공립,1
4548,어린이집,1
4549,담당,1
4550,조현민,1
4551,경영,1
4552,무료,1
4553,낭비,1
4554,연령,1
4555,하향,1
4556,낙천,1
4557,강기윤,1
4558,주춤,1
4559,싸움닭,1
4560,페북,1
4561,손녀,1
4562,까닭,1
4563,친노,1
4564,관통,1
4565,김성식,1
4566,입추,1
4567,정법,1
4568,관대,1
4569,칼날,1
4570,실명,1
4571,현역,1
4572,시리아,1
4573,신상,1
4574,합성사진,1
4575,균형,1
4576,혀,1
4577,숭숭,1
4578,호도,1
4579,반쪽,1
4580,잘못,1
4581,복안,1
4582,적절,1
4583,경청,1
4584,밀실,1
4585,홍장표,1
4586,갈팡질팡,1
4587,장자연,1
4588,한인,1
4589,언론인,1
4590,독립운동,1
4591,영수회담,1
4592,필요성,1
4593,김관진,1
4594,채인석,1
4595,공법,1
4596,준용,1
4597,더티,1
4598,플레이,1
4599,상품권,1
4600,최병윤,1
4601,정통,1
4602,지방자치단체,1
4603,비열,1
4604,파상,1
4605,백화점,1
4606,윤한,1
4607,선전포고,1
4608,기념일,1
4609,뜬금,1
4610,어깃장,1
4611,이중,1
4612,잣,1
4613,무례,1
4614,실업,1
4615,눈앞,1
4616,공격수,1
4617,병적,1
4618,집착,1
4619,일회용품,1
4620,은인,1
4621,할복,1
4622,판도라,1
4623,상자,1
4624,블랙홀,1
4625,고비,1
4626,격렬비열도,1
4627,영토,1
4628,권수호,1
4629,친정,1
4630,임동원,1
4631,경의,1
4632,뇌물죄,1
4633,데스노트,1
4634,마대자루,1
4635,비밀리,1
4636,존,1
4637,엿새,1
4638,회유,1
4639,수시,1
4640,근무,1
4641,성경,1
4642,륭,1
4643,본질,1
4644,광풍,1
4645,장소,1
4646,자진사퇴,1
4647,대두,1
4648,동네,1
4649,여건,1
4650,여기저기,1
4651,러브콜,1
4652,몸값,1
4653,해성,1
4654,미만,1
4655,택배,1
4656,신규,1
4657,허가,1
4658,박주민,1
4659,로써,1
4660,문구,1
4661,나중,1
4662,악의,1
4663,아나운서,1
4664,슈바,1
4665,프,1
4666,다보스,1
4667,화두,1
4668,내심,1
4669,깨달,1
4670,의전,1
4671,불안감,1
4672,시국선언,1
4673,유럽,1
4674,여비,1
4675,다검,1
4676,찰,1
4677,추징,1
4678,보전,1
4679,정치국,1
4680,금주,1
4681,공장,1
4682,신동빈,1
4683,최지성,1
4684,증언,1
4685,폐기물,1
4686,불편,1
4687,당파,1
4688,울타리,1
4689,뿔,1
4690,본때,1
4691,추행,1
4692,노사,1
4693,기조,1
4694,프로,1
4695,시스템,1
4696,적법,1
4697,이건희,1
4698,서초동,1
4699,영포,1
4700,빌딩,1
4701,가의,1
4702,시각,1
4703,달성,1
4704,꼬리,1
4705,박상돈,1
4706,삼거리,1
4707,공원,1
4708,명품,1
4709,행복추구권,1
4710,무술,1
4711,옥사,1
4712,결원,1
4713,급서,1
4714,유례,1
4715,순위,1
4716,벽장,1
4717,주석,1
4718,일방,1
4719,통행,1
4720,일지,1
4721,현대,1
4722,비극,1
4723,권세,1
4724,기생,1
4725,특단,1
4726,행동,1
4727,이주열,1
4728,계정일,1
4729,거의,1
4730,무리,1
4731,주의자,1
4732,좌초,1
4733,차입,1
4734,성동,1
4735,태블릿,1
4736,사용자,1
4737,몸집,1
4738,뇌관,1
4739,이상민,1
4740,환제,1
4741,혜택,1
4742,정준길,1
4743,효력,1
4744,정지,1
4745,승소,1
4746,류여해,1
4747,전해,1
4748,자책,1
4749,습관성,1
4750,매표,1
4751,참담,1
4752,회한,1
4753,공공기관,1
4754,계약,1
4755,출제,1
4756,사망,1
4757,격앙,1
4758,겨를,1
4759,돌직구,1
4760,여왕,1
4761,지위,1
4762,사초,1
4763,킹건,1
4764,국선변호인,1
4765,김세윤,1
4766,부장,1
4767,법리,1
4768,엄격,1
4769,선비,1
4770,별명,1
4771,특,1
4772,조위,1
4773,증거능력,1
4774,중정,1
4775,부족,1
4776,사필귀정,1
4777,참회,1
4778,대죄,1
4779,제왕,1
4780,대통령제,1
4781,옥살이,1
4782,방기,1
4783,질서,1
4784,안심,1
4785,공중화장실,1
4786,위법행위,1
4787,태강,1
4788,단호,1
4789,출연,1
4790,이미경,1
4791,미수,1
4792,영재,1
4793,광고대행사,1
4794,감산,1
4795,회사,1
4796,발주,1
4797,코퍼레이션,1
4798,박홍근,1
4799,인지도,1
4800,독방,1
4801,대기,1
4802,간접,1
4803,간접사실,1
4804,정무수석,1
4805,가정부,1
4806,지옥,1
4807,호선,1
4808,혼잡,1
4809,대입,1
4810,혼선,1
4811,교육부,1
4812,상시,1
4813,군림,1
4814,닷새,1
4815,방관,1
4816,선제,1
4817,사유,1
4818,예비역,1
4819,일당백,1
4820,영애,1
4821,자연인,1
4822,결말,1
4823,업계,1
4824,정전,1
4825,맹탕,1
4826,법제처,1
4827,유권해석,1
4828,남구,1
4829,김병내,1
4830,박광온,1
4831,조윤선,1
4832,송월,1
4833,장님,1
4834,로이킴,1
4835,봄봄봄,1
4836,밑,1
4837,지리,1
4838,멸렬,1
4839,송기호,1
4840,노건호,1
4841,보궐선거,1
4842,감자,1
4843,분권,1
4844,병행,1
4845,국감,1
4846,교문,1
4847,정재,1
4848,룡,1
4849,대남,1
4850,유화,1
4851,제스처,1
4852,손사래,1
4853,고개,1
4854,골,1
4855,시세,1
4856,혼탁,1
4857,맞벌이,1
4858,하나은행,1
4859,우대,1
4860,카이스트,1
4861,생뚱맞,1
4862,박근령,1
4863,사회주의,1
4864,타개,1
4865,데,1
4866,전결,1
4867,인맥,1
4868,홍문표,1
4869,연쇄,1
4870,발화,1
4871,역공,1
4872,노동권,1
4873,발상,1
4874,반국가단체,1
4875,쓴소리,1
4876,질병,1
4877,목걸이,1
4878,볼모,1
4879,능멸,1
4880,무지,1
4881,조,1
4882,공익,1
4883,부합,1
4884,조찬,1
4885,정현,1
4886,이주,1
4887,출동,1
4888,연결고리,1
4889,소홀,1
4890,양민,1
4891,학살,1
4892,계류,1
4893,행불,1
4894,표석,1
4895,동백꽃,1
4896,집행,1
4897,실적,1
4898,되레,1
4899,후퇴,1
4900,전대통령,1
4901,정진석,1
4902,주저,1
4903,이개,1
4904,주요,1
4905,데드라인,1
4906,도립,1
4907,미술관,1
4908,건립,1
4909,해나,1
4910,배임,1
4911,김영선,1
4912,헌,1
4913,규,1
4914,원천무효,1
4915,부총리,1
4916,특명,1
4917,김홍걸,1
4918,장안,1
4919,매몰,1
4920,오제세,1
4921,자원,1
4922,순천,1
4923,수성구,1
4924,나경,1
4925,독립,1
4926,여단,1
4927,추경호,1
4928,이율배반,1
4929,홀로코스트,1
4930,부위,1
4931,이목희,1
4932,매뉴얼,1
4933,출진,1
4934,불만,1
4935,피닉제,1
4936,충남도지사,1
4937,빗발,1
4938,불응,1
4939,완,1
4940,김종,1
4941,스포츠토토,1
4942,장의,1
4943,벽돌,1
4944,일심동체,1
4945,인제,1
4946,매사,1
4947,어선,1
4948,샐러리맨,1
4949,상륙함,1
4950,일출,1
4951,봉함,1
4952,해군,1
4953,실전,1
4954,요지부동,1
4955,미지수,1
4956,개회,1
4957,발휘,1
4958,만우절,1
4959,포스팅,1
4960,화제,1
